index,time_s,tissue_motion_px_per_frame,detrended,pulsatility_wave,is_pulse_peak
0,0.01665,0.070039,-0.071706,-0.001606,0
1,0.04995,0.053877,-0.087668,-0.021878,0
2,0.08326,0.052871,-0.088489,-0.034747,0
3,0.11656,0.055745,-0.085559,-0.035545,0
4,0.14986,0.148891,0.007804,-0.023428,0
5,0.18316,0.090946,-0.048942,-0.001394,0
6,0.21647,0.224229,0.087101,0.024822,0
7,0.24977,0.173173,0.035494,0.048469,0
8,0.28307,0.136336,-0.002561,0.063483,0
9,0.31637,0.288204,0.148861,0.065675,1
10,0.34968,0.203579,0.061602,0.053723,0
11,0.38298,0.213261,0.070282,0.029973,0
12,0.41628,0.076354,-0.066616,-0.000093,0
13,0.44958,0.073674,-0.070099,-0.029928,0
14,0.48289,0.085169,-0.058587,-0.054226,0
15,0.51619,0.074941,-0.068671,-0.069982,0
16,0.54949,0.075735,-0.067971,-0.076121,0
17,0.58280,0.069773,-0.073723,-0.072599,0
18,0.61610,0.078544,-0.064920,-0.059768,0
19,0.64940,0.117221,-0.026129,-0.038271,0
20,0.68270,0.076612,-0.065239,-0.009454,0
21,0.71601,0.196139,0.057399,0.023942,0
22,0.74931,0.162042,0.023650,0.057381,0
23,0.78261,0.108367,-0.030926,0.084735,0
24,0.81591,0.282225,0.143210,0.099041,1
25,0.84922,0.393585,0.253045,0.094632,0
26,0.88252,0.281253,0.139729,0.070561,0
27,0.91582,0.102523,-0.039510,0.032344,0
28,0.94912,0.074161,-0.068205,-0.010313,0
29,0.98243,0.092986,-0.049559,-0.047916,0
30,1.01573,0.075947,-0.066614,-0.074245,0
31,1.04903,0.097616,-0.044951,-0.086942,0
32,1.08233,0.096792,-0.045669,-0.086471,0
33,1.11564,0.089190,-0.053255,-0.074590,0
34,1.14894,0.120945,-0.021742,-0.053251,0
35,1.18224,0.103329,-0.038442,-0.024371,0
36,1.21554,0.170350,0.029839,0.009649,0
37,1.24885,0.145917,0.006289,0.045149,0
38,1.28215,0.133597,-0.006315,0.076659,0
39,1.31545,0.213755,0.074364,0.097074,0
40,1.34875,0.419124,0.279107,0.099505,1
41,1.38206,0.272837,0.131270,0.080874,0
42,1.41536,0.124629,-0.018116,0.044516,0
43,1.44866,0.097906,-0.045022,-0.000982,0
44,1.48196,0.096646,-0.046577,-0.045435,0
45,1.51527,0.093417,-0.050444,-0.080124,0
46,1.54857,0.075143,-0.068647,-0.099199,0
47,1.58187,0.079821,-0.064172,-0.100039,0
48,1.61518,0.092825,-0.051363,-0.083151,0
49,1.64848,0.104805,-0.039643,-0.051815,0
50,1.68178,0.163719,0.019686,-0.011557,0
51,1.71508,0.168016,0.023679,0.030610,0
52,1.74839,0.263933,0.120443,0.067227,0
53,1.78169,0.244406,0.101023,0.091704,0
54,1.81499,0.186436,0.042795,0.099523,1
55,1.84829,0.410181,0.267391,0.089055,0
56,1.88160,0.194395,0.049272,0.062376,0
57,1.91490,0.120174,-0.025623,0.025312,0
58,1.94820,0.162312,0.015884,-0.014407,0
59,1.98150,0.095153,-0.052004,-0.049563,0
60,2.01481,0.084573,-0.062749,-0.074742,0
61,2.04811,0.084442,-0.062941,-0.086749,0
62,2.08141,0.073873,-0.073348,-0.084592,0
63,2.11471,0.071294,-0.076023,-0.069198,0
64,2.14802,0.092145,-0.055050,-0.043190,0
65,2.18132,0.144827,-0.002345,-0.010651,0
66,2.21462,0.110490,-0.036993,0.023290,0
67,2.24792,0.250581,0.103389,0.053107,0
68,2.28123,0.190334,0.042659,0.073819,0
69,2.31453,0.136763,-0.012281,0.081921,1
70,2.34783,0.334855,0.186625,0.075861,0
71,2.38113,0.166161,0.017611,0.056593,0
72,2.41444,0.163598,0.015824,0.027973,0
73,2.44774,0.108786,-0.038990,-0.004154,0
74,2.48104,0.086148,-0.062370,-0.033777,0
75,2.51435,0.077221,-0.071066,-0.056209,0
76,2.54765,0.075437,-0.072763,-0.068773,0
77,2.58095,0.075551,-0.072352,-0.070721,0
78,2.61425,0.072202,-0.075415,-0.062714,0
79,2.64756,0.098374,-0.049049,-0.046313,0
80,2.68086,0.129845,-0.017249,-0.023631,0
81,2.71416,0.088995,-0.058655,0.002792,0
82,2.74746,0.207809,0.060560,0.029861,0
83,2.78077,0.162153,0.014144,0.053915,0
84,2.81407,0.125801,-0.023354,0.071002,0
85,2.84737,0.281236,0.132190,0.077302,1
86,2.88067,0.231951,0.083432,0.070245,0
87,2.91398,0.256074,0.109017,0.050198,0
88,2.94728,0.072433,-0.074534,0.021118,0
89,2.98058,0.079734,-0.067258,-0.010899,0
90,3.01388,0.111882,-0.034718,-0.040047,0
91,3.04719,0.063613,-0.083104,-0.062237,0
92,3.08049,0.072263,-0.074530,-0.075162,0
93,3.11379,0.070701,-0.075945,-0.077848,0
94,3.14709,0.079444,-0.066963,-0.070197,0
95,3.18040,0.111089,-0.034976,-0.052674,0
96,3.21370,0.118599,-0.027233,-0.026359,0
97,3.24700,0.147120,0.001628,0.006613,0
98,3.28030,0.163425,0.018507,0.042425,0
99,3.31361,0.159830,0.015676,0.075231,0
100,3.34691,0.210718,0.067292,0.097608,0
101,3.38021,0.416009,0.274084,0.102463,1
102,3.41351,0.274569,0.131393,0.086347,0
103,3.44682,0.133808,-0.011158,0.051854,0
104,3.48012,0.139935,-0.004070,0.006677,0
105,3.51342,0.100220,-0.043885,-0.039523,0
106,3.54673,0.080424,-0.063761,-0.077836,0
107,3.58003,0.061077,-0.082823,-0.101649,0
108,3.61333,0.078498,-0.065437,-0.107344,0
109,3.64663,0.067376,-0.076558,-0.094366,0
110,3.67994,0.115101,-0.028633,-0.064924,0
111,3.71324,0.104920,-0.038463,-0.023645,0
112,3.74654,0.169704,0.026208,0.022811,0
113,3.77984,0.205962,0.063406,0.066366,0
114,3.81315,0.233008,0.090638,0.098693,0
115,3.84645,0.208113,0.065788,0.112794,1
116,3.87975,0.422754,0.281284,0.104784,0
117,3.91305,0.210616,0.066384,0.075779,0
118,3.94636,0.102642,-0.042682,0.032367,0
119,3.97966,0.141749,-0.003597,-0.015672,0
120,4.01296,0.071952,-0.073519,-0.058676,0
121,4.04626,0.068008,-0.077609,-0.089240,0
122,4.07957,0.070561,-0.074985,-0.103052,0
123,4.11287,0.070779,-0.074719,-0.098928,0
124,4.14617,0.071569,-0.073978,-0.078339,0
125,4.17947,0.091029,-0.054188,-0.044944,0
126,4.21278,0.153913,0.008827,-0.004203,0
127,4.24608,0.133836,-0.011438,0.037175,0
128,4.27938,0.215147,0.070429,0.072028,0
129,4.31268,0.237749,0.092880,0.093846,0
130,4.34599,0.203931,0.058617,0.098208,1
131,4.37929,0.371141,0.226143,0.084164,0
132,4.41259,0.139872,-0.006812,0.055106,0
133,4.44589,0.116331,-0.030406,0.018113,0
134,4.47920,0.100163,-0.046797,-0.018656,0
135,4.51250,0.061087,-0.085977,-0.048742,0
136,4.54580,0.104026,-0.042527,-0.068635,0
137,4.57911,0.081958,-0.065158,-0.077455,0
138,4.61241,0.066564,-0.080941,-0.075855,0
139,4.64571,0.071057,-0.076510,-0.065084,0
140,4.67901,0.073606,-0.073947,-0.046683,0
141,4.71232,0.142583,-0.004762,-0.022545,0
142,4.74562,0.137035,-0.010732,0.005020,0
143,4.77892,0.211747,0.064178,0.033282,0
144,4.81222,0.174818,0.026499,0.059064,0
145,4.84553,0.120268,-0.028153,0.078573,0
146,4.87883,0.273558,0.125801,0.087349,1
147,4.91213,0.308229,0.161055,0.081448,0
148,4.94543,0.283002,0.137279,0.059958,0
149,4.97874,0.074939,-0.070776,0.026594,0
150,5.01204,0.104253,-0.041114,-0.011583,0
151,5.04534,0.091823,-0.053278,-0.047072,0
152,5.07864,0.058512,-0.086780,-0.074042,0
153,5.11195,0.077003,-0.068536,-0.088977,0
154,5.14525,0.071229,-0.074166,-0.090503,0
155,5.17855,0.074000,-0.071424,-0.078869,0
156,5.21185,0.112886,-0.032346,-0.055516,0
157,5.24516,0.120752,-0.024838,-0.022947,0
158,5.27846,0.165136,0.020342,0.015138,0
159,5.31176,0.173365,0.028430,0.053644,0
160,5.34506,0.132663,-0.011626,0.086059,0
161,5.37837,0.256952,0.113694,0.105016,1
162,5.41167,0.417512,0.275713,0.104304,0
163,5.44497,0.262969,0.119936,0.082241,0
164,5.47827,0.110898,-0.033915,0.043577,0
165,5.51158,0.097464,-0.046672,-0.002383,0
166,5.54488,0.090569,-0.053802,-0.045700,0
167,5.57818,0.068947,-0.075725,-0.078661,0
168,5.61149,0.071163,-0.073537,-0.096762,0
169,5.64479,0.076658,-0.068247,-0.098519,0
170,5.67809,0.068311,-0.076576,-0.084754,0
171,5.71139,0.117917,-0.026917,-0.057926,0
172,5.74470,0.106081,-0.038539,-0.021770,0
173,5.77800,0.157293,0.013135,0.018755,0
174,5.81130,0.175862,0.031863,0.057468,0
175,5.84460,0.166231,0.023252,0.087337,0
176,5.87791,0.252622,0.110696,0.101508,1
177,5.91121,0.385288,0.244433,0.095382,0
178,5.94451,0.260956,0.117402,0.069327,0
179,5.97781,0.092705,-0.052898,0.029738,0
180,6.01112,0.089163,-0.057126,-0.013364,0
181,6.04442,0.065375,-0.082035,-0.050478,0
182,6.07772,0.114848,-0.032524,-0.075391,0
183,6.11102,0.107658,-0.039818,-0.085576,0
184,6.14433,0.076339,-0.071293,-0.081208,0
185,6.17763,0.078168,-0.069494,-0.064169,0
186,6.21093,0.092228,-0.055457,-0.037641,0
187,6.24423,0.156912,0.009673,-0.005888,0
188,6.27754,0.129167,-0.018062,0.026170,0
189,6.31084,0.231631,0.085030,0.053569,0
190,6.34414,0.169142,0.022120,0.071984,0
191,6.37744,0.150345,0.002245,0.078293,1
192,6.41075,0.362932,0.215602,0.071072,0
193,6.44405,0.142528,-0.006216,0.051484,0
194,6.47735,0.133134,-0.015208,0.023674,0
195,6.51065,0.108152,-0.040574,-0.006604,0
196,6.54396,0.075975,-0.073216,-0.034054,0
197,6.57726,0.097871,-0.051064,-0.054988,0
198,6.61056,0.083551,-0.065581,-0.067434,0
199,6.64387,0.065368,-0.083634,-0.070645,0
200,6.67717,0.070043,-0.079033,-0.064633,0
201,6.71047,0.097644,-0.051407,-0.050046,0
202,6.74377,0.137497,-0.011286,-0.028175,0
203,6.77708,0.097345,-0.051681,-0.001038,0
204,6.81038,0.218749,0.070388,0.028382,0
205,6.84368,0.174229,0.025204,0.056060,0
206,6.87698,0.114214,-0.036113,0.077179,0
207,6.91029,0.290025,0.140608,0.086597,1
208,6.94359,0.322903,0.173631,0.080357,0
209,6.97689,0.264634,0.116510,0.058255,0
210,7.01019,0.080188,-0.068213,0.025028,0
211,7.04350,0.093333,-0.055162,-0.011558,0
212,7.07680,0.095404,-0.052864,-0.044080,0
213,7.11010,0.073068,-0.075170,-0.067613,0
214,7.14340,0.089363,-0.058837,-0.080029,0
215,7.17671,0.069923,-0.078125,-0.081260,0
216,7.21001,0.086287,-0.061789,-0.072303,0
217,7.24331,0.134441,-0.013685,-0.054439,0
218,7.27661,0.091788,-0.056610,-0.028948,0
219,7.30992,0.200619,0.052695,0.002521,0
220,7.34322,0.144974,-0.003379,0.037184,0
221,7.37652,0.108145,-0.040608,0.070319,0
222,7.40982,0.273652,0.126404,0.094980,0
223,7.44313,0.385464,0.238840,0.103581,1
224,7.47643,0.302866,0.157145,0.091547,0
225,7.50973,0.162562,0.015718,0.060190,0
226,7.54304,0.163021,0.016332,0.016265,0
227,7.57634,0.100655,-0.046180,-0.030790,0
228,7.60964,0.091332,-0.055334,-0.071672,0
229,7.64294,0.080793,-0.065437,-0.099091,0
230,7.67625,0.073816,-0.072317,-0.108682,0
231,7.70955,0.075674,-0.070218,-0.099198,0
232,7.74285,0.102005,-0.043702,-0.072347,0
233,7.77615,0.136127,-0.009181,-0.032464,0
234,7.80946,0.154578,0.009457,0.013988,0
235,7.84276,0.213124,0.068486,0.059109,0
236,7.87606,0.218327,0.074021,0.094561,0
237,7.90936,0.203523,0.059597,0.112887,1
238,7.94267,0.436906,0.293880,0.109248,0
239,7.97597,0.246365,0.100659,0.083613,0
240,8.00927,0.109956,-0.037520,0.041775,0
241,8.04257,0.146576,-0.000854,-0.006633,0
242,8.07588,0.068527,-0.079212,-0.051622,0
243,8.10918,0.076418,-0.071505,-0.085304,0
244,8.14248,0.065181,-0.082664,-0.102891,0
245,8.17578,0.077967,-0.069944,-0.102695,0
246,8.20909,0.071802,-0.076238,-0.085567,0
247,8.24239,0.088386,-0.059168,-0.054394,0
248,8.27569,0.142837,-0.004374,-0.013859,0
249,8.30899,0.104688,-0.042543,0.029739,0
250,8.34230,0.233759,0.087100,0.068903,0
251,8.37560,0.251220,0.104371,0.096033,0
252,8.40890,0.174054,0.026386,0.105210,1
253,8.44220,0.404385,0.257503,0.093922,0
254,8.47551,0.158453,0.009880,0.064350,0
255,8.50881,0.136095,-0.012357,0.023334,0
256,8.54211,0.105976,-0.042783,-0.019847,0
257,8.57542,0.069998,-0.079440,-0.056514,0
258,8.60872,0.066139,-0.083136,-0.080598,0
259,8.64202,0.067713,-0.081488,-0.089365,0
260,8.67532,0.062823,-0.086161,-0.083150,0
261,8.70863,0.070897,-0.078071,-0.064542,0
262,8.74193,0.122484,-0.026292,-0.037459,0
263,8.77523,0.130839,-0.017827,-0.006289,0
264,8.80853,0.114152,-0.034819,0.024692,0
265,8.84184,0.214883,0.065930,0.051472,0
266,8.87514,0.202675,0.053153,0.070476,0
267,8.90844,0.115671,-0.035096,0.078951,1
268,8.94174,0.328507,0.178585,0.075260,0
269,8.97505,0.178758,0.028530,0.059519,0
270,9.00835,0.194904,0.045854,0.034393,0
271,9.04165,0.075002,-0.073498,0.004688,0
272,9.07495,0.078751,-0.069394,-0.024334,0
273,9.10826,0.099368,-0.048440,-0.048564,0
274,9.14156,0.068117,-0.079738,-0.065551,0
275,9.17486,0.067399,-0.080521,-0.074073,0
276,9.20816,0.056265,-0.091572,-0.073588,0
277,9.24147,0.075426,-0.072416,-0.064005,0
278,9.27477,0.120580,-0.027053,-0.045684,0
279,9.30807,0.112204,-0.035757,-0.019612,0
280,9.34137,0.187602,0.039947,0.012228,0
281,9.37468,0.139033,-0.009023,0.046349,0
282,9.40798,0.115665,-0.032325,0.077315,0
283,9.44128,0.281061,0.133839,0.097900,0
284,9.47458,0.386346,0.240756,0.101113,1
285,9.50789,0.294256,0.148799,0.083899,0
286,9.54119,0.103950,-0.043089,0.049434,0
287,9.57449,0.104116,-0.042357,0.005652,0
288,9.60780,0.114655,-0.032263,-0.038342,0
289,9.64110,0.076410,-0.070990,-0.074876,0
290,9.67440,0.071447,-0.076179,-0.098595,0
291,9.70770,0.081707,-0.065893,-0.106465,0
292,9.74101,0.053348,-0.094147,-0.097514,0
293,9.77431,0.106298,-0.041104,-0.072667,0
294,9.80761,0.099210,-0.047969,-0.034846,0
295,9.84091,0.166689,0.019400,0.010861,0
296,9.87422,0.191551,0.044878,0.057313,0
297,9.90752,0.188713,0.042986,0.095982,0
298,9.94082,0.218444,0.073004,0.118205,1
299,9.97412,0.476848,0.332768,0.117388,0
300,10.00743,0.253613,0.106949,0.092161,0
301,10.04073,0.108057,-0.040389,0.048098,0
302,10.07403,0.155149,0.006919,-0.004354,0
303,10.10733,0.080678,-0.067708,-0.053824,0
304,10.14064,0.066270,-0.082404,-0.090962,0
305,10.17394,0.069680,-0.078972,-0.109916,0
306,10.20724,0.068412,-0.080525,-0.108743,0
307,10.24054,0.068820,-0.080218,-0.088971,0
308,10.27385,0.124440,-0.024083,-0.054809,0
309,10.30715,0.119490,-0.028917,-0.012290,0
310,10.34045,0.199033,0.050792,0.031574,0
311,10.37375,0.196744,0.048789,0.069635,0
312,10.40706,0.221419,0.073956,0.095476,0
313,10.44036,0.196820,0.049071,0.104243,1
314,10.47366,0.413291,0.265601,0.093698,0
315,10.50696,0.195647,0.046589,0.065686,0
316,10.54027,0.112499,-0.037392,0.026524,0
317,10.57357,0.130784,-0.019179,-0.015107,0
318,10.60687,0.069952,-0.079818,-0.051190,0
319,10.64018,0.095563,-0.053875,-0.076181,0
320,10.67348,0.086748,-0.062698,-0.087400,0
321,10.70678,0.066248,-0.083184,-0.084601,0
322,10.74008,0.076167,-0.073402,-0.069344,0
323,10.77339,0.082957,-0.066484,-0.044600,0
324,10.80669,0.165986,0.016939,-0.014377,0
325,10.83999,0.126642,-0.023107,0.016851,0
326,10.87329,0.249669,0.100713,0.044787,0
327,10.90660,0.212374,0.062670,0.065900,0
328,10.93990,0.133523,-0.017057,0.077701,0
329,10.97320,0.288463,0.138887,0.078522,1
330,11.00650,0.234314,0.084553,0.067612,0
331,11.03981,0.253906,0.105285,0.046053,0
332,11.07311,0.095002,-0.053663,0.017262,0
333,11.10641,0.109057,-0.039899,-0.013947,0
334,11.13971,0.120333,-0.028062,-0.042915,0
335,11.17302,0.085721,-0.063027,-0.065917,0
336,11.20632,0.075603,-0.073410,-0.080082,0
337,11.23962,0.062250,-0.086598,-0.083307,0
338,11.27292,0.079852,-0.069104,-0.074457,0
339,11.30623,0.122604,-0.026325,-0.053681,0
340,11.33953,0.114620,-0.034789,-0.022697,0
341,11.37283,0.177773,0.029012,0.014941,0
342,11.40613,0.165058,0.015541,0.053692,0
343,11.43944,0.147976,-0.001597,0.086271,0
344,11.47274,0.280681,0.132106,0.104617,1
345,11.50604,0.393587,0.246606,0.102315,0
346,11.53935,0.298203,0.151682,0.078071,0
347,11.57265,0.086362,-0.061103,0.037438,0
348,11.60595,0.084170,-0.062684,-0.009404,0
349,11.63925,0.092362,-0.054628,-0.052022,0
350,11.67256,0.065660,-0.081780,-0.082843,0
351,11.70586,0.088802,-0.058734,-0.097981,0
352,11.73916,0.080103,-0.067587,-0.096678,0
353,11.77246,0.075595,-0.072116,-0.080313,0
354,11.80577,0.120252,-0.027035,-0.051632,0
355,11.83907,0.099036,-0.048326,-0.014470,0
356,11.87237,0.188914,0.042695,0.026211,0
357,11.90567,0.157893,0.011361,0.064333,0
358,11.93898,0.141753,-0.004235,0.093024,0
359,11.97228,0.323145,0.177913,0.105539,1
360,12.00558,0.303251,0.159205,0.097419,0
361,12.03888,0.270659,0.125107,0.069225,0
362,12.07219,0.081499,-0.065974,0.027387,0
363,12.10549,0.061227,-0.085869,-0.018139,0
364,12.13879,0.069232,-0.078209,-0.057724,0
365,12.17209,0.068789,-0.079038,-0.084724,0
366,12.20540,0.066053,-0.082022,-0.096046,0
367,12.23870,0.068741,-0.079678,-0.091498,0
368,12.27200,0.063781,-0.084726,-0.072920,0
369,12.30530,0.084734,-0.063707,-0.043586,0
370,12.33861,0.176108,0.028378,-0.007852,0
371,12.37191,0.115476,-0.032387,0.029240,0
372,12.40521,0.207024,0.059646,0.062281,0
373,12.43851,0.195415,0.048080,0.085805,0
374,12.47182,0.189682,0.041488,0.094976,1
375,12.50512,0.403220,0.255580,0.086920,0
376,12.53842,0.190490,0.040691,0.062517,0
377,12.57173,0.107926,-0.042261,0.027075,0
378,12.60503,0.130625,-0.020214,-0.011567,0
379,12.63833,0.063598,-0.087988,-0.045946,0
380,12.67163,0.108551,-0.042500,-0.070752,0
381,12.70494,0.095551,-0.055394,-0.083161,0
382,12.73824,0.066760,-0.084112,-0.082371,0
383,12.77154,0.063105,-0.087904,-0.069127,0
384,12.80484,0.103812,-0.047252,-0.045645,0
385,12.83815,0.142931,-0.008149,-0.015490,0
386,12.87145,0.107773,-0.043422,0.016810,0
387,12.90475,0.260388,0.109448,0.046295,0
388,12.93805,0.193768,0.042122,0.068357,0
389,12.97136,0.127540,-0.025044,0.079518,1
390,13.00466,0.331752,0.180030,0.077725,0
391,13.03796,0.211857,0.059799,0.062887,0
392,13.07126,0.193952,0.042765,0.037685,0
393,13.10457,0.099554,-0.051830,0.007179,0
394,13.13787,0.093066,-0.058593,-0.022970,0
395,13.17117,0.107171,-0.044293,-0.048198,0
396,13.20447,0.078447,-0.073039,-0.065652,0
397,13.23778,0.082423,-0.072363,-0.073876,0
398,13.27108,0.070704,-0.087005,-0.072314,0
399,13.30438,0.085820,-0.074437,-0.061069,0
400,13.33768,0.126406,-0.039313,-0.040936,0
401,13.37099,0.094972,-0.078117,-0.013627,0
402,13.40429,0.225210,0.047428,0.017907,0
403,13.43759,0.171927,-0.011824,0.049419,0
404,13.47089,0.128029,-0.057589,0.075619,0
405,13.50420,0.305350,0.117360,0.090649,1
406,13.53750,0.332786,0.140989,0.089651,0
407,13.57080,0.287247,0.094231,0.071423,0
408,13.60411,0.096500,-0.097873,0.039735,0
409,13.63741,0.101279,-0.094974,0.001640,0
410,13.67071,0.130745,-0.069066,-0.035610,0
411,13.70401,0.109333,-0.092508,-0.066397,0
412,13.73732,0.097510,-0.104962,-0.086847,0
413,13.77062,0.084113,-0.119167,-0.094422,0
414,13.80392,0.077016,-0.127756,-0.087816,0
415,13.83722,0.101320,-0.104012,-0.067254,0
416,13.87053,0.138711,-0.066450,-0.034950,0
417,13.90383,0.205518,-0.000073,0.004727,0
418,13.93713,0.208462,0.002289,0.045594,0
419,13.97043,0.211704,0.004959,0.080349,0
420,14.00374,0.238141,0.031226,0.101459,0
421,14.03704,0.430744,0.224060,0.102822,1
422,14.07034,0.289174,0.080146,0.082451,0
423,14.10364,0.154264,-0.057077,0.044319,0
424,14.13695,0.177107,-0.034162,-0.002725,0
425,14.17025,0.071589,-0.140311,-0.048003,0
426,14.20355,0.076061,-0.136369,-0.081858,0
427,14.23685,0.069076,-0.143514,-0.097560,0
428,14.27016,0.074695,-0.138097,-0.092164,0
429,14.30346,0.084895,-0.128373,-0.066521,0
430,14.33676,0.124018,-0.089073,-0.024924,0
431,14.37006,0.125103,-0.087737,0.025329,0
432,14.40337,0.154522,-0.058354,0.074493,0
433,14.43667,0.229295,0.017260,0.111403,0
434,14.46997,0.233337,0.021503,0.125478,1
435,14.50327,0.202222,-0.009862,0.109515,0
436,14.53658,0.424253,0.212933,0.062568,0
437,14.56988,0.218861,0.005045,-0.007711,0
438,14.60318,0.104335,-0.110377,-0.085159,0
439,14.63649,0.109224,-0.105746,-0.149390,0
440,14.66979,0.074598,-0.140617,-0.182478,0
441,14.70309,0.067632,-0.147157,-0.174765,0
442,14.73639,0.389046,0.174280,-0.127760,0
443,14.76970,0.346227,0.131623,-0.053012,0
444,14.80300,0.307436,0.092783,0.031871,0
445,14.83630,0.617209,0.402650,0.107459,0
446,14.86960,0.769699,0.555282,0.157165,0
447,14.90291,0.616049,0.401242,0.172443,1
448,14.93621,0.701005,0.486184,0.155277,0
449,14.96951,0.311686,0.096692,0.115748,0
450,15.00281,0.539008,0.323408,0.066396,0
451,15.03612,0.649622,0.435009,0.017507,0
452,15.06942,0.381648,0.166201,-0.023827,0
453,15.10272,0.204947,-0.010261,-0.053243,0
454,15.13602,0.232381,0.017124,-0.070140,0
455,15.16933,0.392934,0.177323,-0.078015,0
456,15.20263,0.253514,0.038363,-0.081659,0
457,15.23593,0.123459,-0.091344,-0.083587,0
458,15.26923,0.142375,-0.072143,-0.083112,0
459,15.30254,0.199535,-0.014779,-0.077635,0
460,15.33584,0.135683,-0.078697,-0.064035,0
461,15.36914,0.160558,-0.053832,-0.039966,0
462,15.40244,0.154628,-0.059873,-0.005467,0
463,15.43575,0.259882,0.046252,0.035896,0
464,15.46905,0.247455,0.033265,0.077298,0
465,15.50235,0.205267,-0.008883,0.110103,0
466,15.53565,0.382100,0.168909,0.125840,1
467,15.56896,0.403815,0.191854,0.118929,0
468,15.60226,0.318463,0.107857,0.089599,0
469,15.63556,0.123986,-0.086798,0.044554,0
470,15.66887,0.121112,-0.089024,-0.005904,0
471,15.70217,0.156723,-0.053748,-0.052009,0
472,15.73547,0.110087,-0.100735,-0.086900,0
473,15.76877,0.085171,-0.125990,-0.106828,0
474,15.80208,0.106405,-0.104734,-0.110536,0
475,15.83538,0.087770,-0.123120,-0.098507,0
476,15.86868,0.119999,-0.090508,-0.072394,0
477,15.90198,0.111119,-0.099589,-0.034962,0
478,15.93529,0.183856,-0.026216,0.009531,0
479,15.96859,0.175477,-0.034643,0.055007,0
480,16.00189,0.150256,-0.059468,0.093688,0
481,16.03519,0.262259,0.053443,0.116915,0
482,16.06850,0.439003,0.231411,0.117477,1
483,16.10180,0.275481,0.066113,0.093308,0
484,16.13510,0.123035,-0.088384,0.049631,0
485,16.16840,0.115377,-0.095875,-0.002917,0
486,16.20171,0.068334,-0.143011,-0.052503,0
487,16.23501,0.076406,-0.135097,-0.089567,0
488,16.26831,0.067696,-0.140286,-0.108446,0
489,16.30161,0.075132,-0.129979,-0.107533,0
490,16.33492,0.077331,-0.125137,-0.088567,0
491,16.36822,0.113373,-0.083238,-0.055707,0
492,16.40152,0.130563,-0.059070,-0.014676,0
493,16.43482,0.226480,0.042214,0.028042,0
494,16.46813,0.187591,0.008457,0.066008,0
495,16.50143,0.183201,0.005575,0.093374,0
496,16.53473,0.215536,0.041262,0.105079,1
497,16.56804,0.408684,0.240146,0.097682,0
498,16.60134,0.265423,0.099600,0.071443,0
499,16.63464,0.101049,-0.063449,0.031714,0
500,16.66794,0.133489,-0.029190,-0.012629,0
501,16.70125,0.088898,-0.070397,-0.052441,0
502,16.73455,0.077642,-0.079621,-0.080670,0
503,16.76785,0.071534,-0.085274,-0.093315,0
504,16.80115,0.065541,-0.090614,-0.089537,0
505,16.83446,0.083121,-0.071875,-0.071247,0
506,16.86776,0.102265,-0.054438,-0.042408,0
507,16.90106,0.148679,-0.010440,-0.008201,0
508,16.93436,0.126320,-0.034538,0.025788,0
509,16.96767,0.259413,0.100095,0.054308,0
510,17.00097,0.208078,0.049312,0.073283,0
511,17.03427,0.150826,-0.008252,0.080445,1
512,17.06757,0.318858,0.162916,0.075344,0
513,17.10088,0.165869,0.012791,0.059265,0
514,17.13418,0.170417,0.019857,0.035218,0
515,17.16748,0.118189,-0.031691,0.007176,0
516,17.20078,0.101986,-0.047363,-0.021052,0
517,17.23409,0.108096,-0.040628,-0.046409,0
518,17.26739,0.099885,-0.048817,-0.066455,0
519,17.30069,0.072715,-0.076172,-0.078909,0
520,17.33399,0.062178,-0.086839,-0.081545,0
521,17.36730,0.089281,-0.060644,-0.072712,0
522,17.40060,0.143257,-0.007172,-0.052065,0
523,17.43390,0.096711,-0.056001,-0.021132,0
524,17.46720,0.233680,0.081331,0.016307,0
525,17.50051,0.197243,0.044536,0.054327,0
526,17.53381,0.119688,-0.034218,0.085563,0
527,17.56711,0.312884,0.160471,0.102298,1
528,17.60042,0.380439,0.231217,0.098708,0
529,17.63372,0.290973,0.143654,0.074265,0
530,17.66702,0.094048,-0.052833,0.035373,0
531,17.70032,0.082956,-0.063377,-0.007060,0
532,17.73363,0.082128,-0.064240,-0.042282,0
533,17.76693,0.068584,-0.077797,-0.063283,0
534,17.80023,0.084957,-0.061657,-0.068054,0
535,17.83353,0.066907,-0.080349,-0.059084,0
536,17.86684,0.084248,-0.063269,-0.041861,0
537,17.90014,0.134661,-0.014526,-0.022903,0
538,17.93344,0.127669,-0.024575,-0.007733,0
539,17.96674,0.233946,0.081822,0.000755,0
540,18.00005,0.174530,0.022455,0.003032,0
