phase,input_pulse,input_sd,output_pulse,output_sd,midpoint_pulse,midpoint_sd,gradient_pulse,gradient_sd
0.0000,-1.91633,7.02439,-0.35438,0.81190,-0.08900,1.19954,-2.21621,7.31398
0.0042,-1.91863,7.06406,-0.35660,0.80824,-0.08909,1.19345,-2.19395,7.31363
0.0083,-1.91527,7.13327,-0.35782,0.80967,-0.08703,1.18378,-2.16583,7.38982
0.0125,-1.90799,7.21104,-0.35796,0.81300,-0.08317,1.17363,-2.13464,7.46509
0.0167,-1.89311,7.23870,-0.35712,0.81300,-0.07870,1.17160,-2.09748,7.54563
0.0208,-1.86952,7.21688,-0.35587,0.81086,-0.07398,1.16677,-2.05385,7.59926
0.0250,-1.83498,7.17194,-0.35451,0.81255,-0.06975,1.16324,-2.00254,7.63068
0.0292,-1.79099,7.16229,-0.35341,0.81440,-0.06659,1.16365,-1.94423,7.59444
0.0333,-1.74067,7.18772,-0.35267,0.81927,-0.06480,1.16311,-1.87973,7.56107
0.0375,-1.68584,7.26614,-0.35227,0.82134,-0.06420,1.16141,-1.81372,7.51833
0.0417,-1.62674,7.37480,-0.35185,0.81857,-0.06453,1.16346,-1.74550,7.49513
0.0458,-1.56937,7.52665,-0.35129,0.82670,-0.06550,1.17256,-1.67461,7.47754
0.0500,-1.51811,7.60568,-0.35078,0.84657,-0.06703,1.18375,-1.60474,7.45072
0.0542,-1.47398,7.69792,-0.35095,0.83903,-0.06890,1.18975,-1.53639,7.43497
0.0583,-1.44185,7.71714,-0.35134,0.84173,-0.07098,1.18917,-1.46564,7.49353
0.0625,-1.42087,7.68220,-0.35169,0.85376,-0.07301,1.18430,-1.39695,7.47833
0.0667,-1.41092,7.62292,-0.35219,0.86280,-0.07507,1.17061,-1.32878,7.37924
0.0708,-1.41109,7.54543,-0.35290,0.86395,-0.07660,1.15361,-1.26433,7.25582
0.0750,-1.41620,7.49295,-0.35393,0.86257,-0.07728,1.14870,-1.20394,7.18021
0.0792,-1.42319,7.44305,-0.35505,0.85550,-0.07742,1.16367,-1.14516,7.14310
0.0833,-1.42858,7.40758,-0.35628,0.85256,-0.07735,1.14916,-1.08288,7.16981
0.0875,-1.42957,7.39958,-0.35732,0.84820,-0.07653,1.15402,-1.01028,7.23385
0.0917,-1.42623,7.39060,-0.35768,0.83947,-0.07517,1.16895,-0.92356,7.41819
0.0958,-1.41856,7.35605,-0.35721,0.83091,-0.07268,1.17909,-0.82296,7.34287
0.1000,-1.40516,7.28798,-0.35581,0.82289,-0.06864,1.17770,-0.71028,7.39132
0.1042,-1.38410,7.16122,-0.35346,0.81611,-0.06273,1.17217,-0.59150,7.35861
0.1083,-1.34901,7.04348,-0.35046,0.81379,-0.05447,1.16135,-0.47024,7.26871
0.1125,-1.29560,7.05981,-0.34710,0.80963,-0.04404,1.14932,-0.34885,7.17094
0.1167,-1.22156,6.91907,-0.34328,0.80620,-0.03213,1.13910,-0.23100,7.11374
0.1208,-1.12838,6.94431,-0.33898,0.80759,-0.01955,1.13357,-0.11577,7.10239
0.1250,-1.01959,6.94731,-0.33388,0.80647,-0.00691,1.13212,-0.00494,7.12136
0.1292,-0.89504,6.96528,-0.32814,0.80462,0.00513,1.13359,0.09932,7.11565
0.1333,-0.75699,6.99205,-0.32175,0.80011,0.01572,1.13926,0.19877,7.12633
0.1375,-0.60651,7.05122,-0.31497,0.80005,0.02460,1.14931,0.29263,7.14973
0.1417,-0.44351,7.09640,-0.30755,0.80397,0.03156,1.15796,0.38333,7.19545
0.1458,-0.27609,7.10696,-0.29939,0.80893,0.03664,1.16388,0.47036,7.25630
0.1500,-0.11041,7.09748,-0.29080,0.81751,0.03991,1.16993,0.55306,7.29330
0.1542,0.04850,7.08075,-0.28158,0.82238,0.04171,1.16875,0.63540,7.34252
0.1583,0.19637,7.07244,-0.27183,0.83170,0.04213,1.16879,0.71515,7.38707
0.1625,0.33354,7.09606,-0.26164,0.84043,0.04192,1.17011,0.79089,7.39158
0.1667,0.46078,7.14915,-0.25133,0.84749,0.04169,1.16935,0.86055,7.40358
0.1708,0.57942,7.22338,-0.24151,0.84883,0.04217,1.16573,0.91970,7.40873
0.1750,0.69635,7.29653,-0.23235,0.84936,0.04378,1.16137,0.96468,7.49786
0.1792,0.81395,7.35043,-0.22402,0.85390,0.04689,1.15994,0.99574,7.38040
0.1833,0.92872,7.38537,-0.21680,0.85729,0.05123,1.15711,1.01462,7.34555
0.1875,1.03770,7.43713,-0.21099,0.85004,0.05683,1.15831,1.02448,7.26225
0.1917,1.13752,7.39512,-0.20677,0.84351,0.06367,1.16090,1.02691,7.22112
0.1958,1.22718,7.41986,-0.20436,0.83455,0.07094,1.16517,1.02883,7.07811
0.2000,1.30584,7.29856,-0.20351,0.82708,0.07797,1.17065,1.03102,7.01151
0.2042,1.37392,7.29984,-0.20423,0.82314,0.08469,1.17789,1.03616,6.98171
0.2083,1.42979,7.27519,-0.20610,0.81633,0.09091,1.18156,1.04672,6.98813
0.2125,1.47219,7.25670,-0.20917,0.80642,0.09673,1.18535,1.06194,6.99714
0.2167,1.50448,7.22517,-0.21268,0.80827,0.10185,1.19340,1.08304,7.00200
0.2208,1.52458,7.19703,-0.21571,0.80213,0.10602,1.20094,1.11287,6.98501
0.2250,1.53772,7.17026,-0.21769,0.80717,0.10879,1.20233,1.15000,7.05342
0.2292,1.54609,7.15847,-0.21796,0.81210,0.11021,1.20096,1.19892,6.99290
0.2333,1.55151,7.05752,-0.21643,0.81704,0.11064,1.20141,1.26058,7.03607
0.2375,1.55309,7.01569,-0.21334,0.81976,0.11038,1.19893,1.33665,7.09619
0.2417,1.55646,6.98955,-0.20868,0.82299,0.10930,1.19864,1.42887,7.18722
0.2458,1.56765,6.97498,-0.20270,0.82847,0.10854,1.20982,1.53881,7.27440
0.2500,1.58935,6.94643,-0.19577,0.83349,0.10882,1.19103,1.66710,7.35861
0.2542,1.62563,6.95994,-0.18806,0.83523,0.11074,1.18728,1.81203,7.39377
0.2583,1.68082,6.97240,-0.17958,0.83673,0.11458,1.18606,1.97169,7.42652
0.2625,1.75884,7.07910,-0.17065,0.83167,0.12022,1.18508,2.14221,7.43920
0.2667,1.85872,7.22665,-0.16124,0.82472,0.12744,1.18786,2.31750,7.49454
0.2708,1.97715,7.32890,-0.15141,0.81503,0.13607,1.18852,2.49662,7.52009
0.2750,2.10815,7.40592,-0.14105,0.80665,0.14581,1.18428,2.67758,7.52190
0.2792,2.24917,7.46787,-0.12994,0.80175,0.15685,1.18066,2.85525,7.51235
0.2833,2.39752,7.49387,-0.11765,0.80122,0.16915,1.17747,3.02861,7.53708
0.2875,2.54770,7.49510,-0.10437,0.80120,0.18251,1.17702,3.19741,7.59001
0.2917,2.69687,7.49802,-0.09036,0.80303,0.19659,1.17353,3.35977,7.61240
0.2958,2.84094,7.48039,-0.07554,0.80100,0.21121,1.16833,3.51969,7.57607
0.3000,2.97771,7.46665,-0.06051,0.80358,0.22603,1.16650,3.67787,7.54830
0.3042,3.10514,7.45091,-0.04599,0.79811,0.24094,1.16900,3.83037,7.49773
0.3083,3.22994,7.44147,-0.03210,0.79727,0.25585,1.17278,3.97499,7.47140
0.3125,3.35501,7.42545,-0.01891,0.79579,0.27105,1.17268,4.10677,7.45569
0.3167,3.48140,7.41874,-0.00648,0.79477,0.28641,1.17637,4.22403,7.49828
0.3208,3.60913,7.40787,0.00542,0.79572,0.30171,1.18013,4.32687,7.55969
0.3250,3.73632,7.41701,0.01652,0.79827,0.31657,1.18528,4.41235,7.65695
0.3292,3.86066,7.48810,0.02676,0.80190,0.33019,1.20161,4.47573,7.73402
0.3333,3.97913,7.55674,0.03623,0.80443,0.34273,1.19350,4.52030,7.81560
0.3375,4.09015,7.67279,0.04492,0.80387,0.35456,1.19316,4.55353,7.91624
0.3417,4.19588,7.79601,0.05323,0.80428,0.36635,1.18958,4.58850,7.99901
0.3458,4.29666,7.91791,0.06170,0.80466,0.37867,1.19057,4.63223,8.04619
0.3500,4.38987,8.04231,0.07053,0.80622,0.39197,1.19666,4.69133,8.07411
0.3542,4.47538,8.08513,0.07979,0.80167,0.40680,1.21261,4.77233,8.07720
0.3583,4.55355,8.10078,0.08996,0.79902,0.42320,1.22713,4.87953,8.08998
0.3625,4.63097,8.04942,0.10115,0.79620,0.44091,1.23395,5.01922,8.05863
0.3667,4.71317,8.00494,0.11307,0.79912,0.46011,1.23831,5.18786,7.99705
0.3708,4.80422,7.93638,0.12561,0.80358,0.48135,1.24309,5.37360,7.93775
0.3750,4.91030,7.86636,0.13892,0.81146,0.50474,1.24402,5.56893,7.88104
0.3792,5.02918,7.79350,0.15300,0.82187,0.52978,1.25217,5.76478,7.83248
0.3833,5.15986,7.68949,0.16814,0.82814,0.55622,1.25788,5.95350,7.84815
0.3875,5.29864,7.61826,0.18429,0.82698,0.58391,1.26254,6.12673,7.94976
0.3917,5.43880,7.57075,0.20087,0.82004,0.61244,1.25740,6.24348,8.06174
0.3958,5.57512,7.55135,0.21797,0.81047,0.64135,1.24489,6.34610,8.17089
0.4000,5.70553,7.57395,0.23549,0.80389,0.67111,1.22826,6.43397,8.25318
0.4042,5.82650,7.64918,0.25318,0.79783,0.70172,1.21186,6.51119,8.30768
0.4083,5.93460,7.79837,0.27115,0.78986,0.73286,1.20178,6.58287,8.31906
0.4125,5.98613,7.95627,0.28988,0.77794,0.76411,1.19807,6.64956,8.31906
0.4167,6.03801,8.08833,0.30954,0.76931,0.79516,1.19134,6.71406,8.31906
0.4208,6.09125,8.19116,0.33024,0.76152,0.82581,1.18827,6.78142,8.31906
0.4250,6.14893,8.24332,0.35216,0.75694,0.85560,1.17885,6.85428,8.18926
0.4292,6.21428,8.25463,0.37481,0.75309,0.88390,1.16800,6.93532,7.83622
0.4333,6.29028,8.25513,0.39792,0.74717,0.91087,1.15509,7.01760,7.56622
0.4375,6.37699,8.25513,0.42120,0.74547,0.93648,1.14151,7.09196,7.38837
0.4417,6.47483,8.25513,0.44431,0.74628,0.96122,1.12599,7.15244,7.30939
0.4458,6.58317,8.44588,0.46721,0.75090,0.98497,1.11182,7.19144,7.29132
0.4500,6.70105,7.94351,0.48968,0.75603,1.00799,1.10294,7.19918,7.34277
0.4542,6.82313,7.55717,0.51109,0.75389,1.03097,1.10333,7.16703,7.43652
0.4583,6.94332,7.30531,0.53127,0.74139,1.05416,1.10308,7.08920,7.54952
0.4625,7.05321,7.20214,0.54995,0.73356,1.07754,1.09693,7.01568,7.58837
0.4667,7.14390,7.21873,0.56700,0.72786,1.10142,1.08507,6.91878,7.54350
0.4708,7.20607,7.27403,0.58205,0.72308,1.12548,1.07702,6.79925,7.47716
0.4750,7.23085,7.37838,0.59554,0.71841,1.14933,1.06735,6.65675,7.41250
0.4792,7.20708,7.52297,0.60817,0.71386,1.17289,1.05829,6.49502,7.41842
0.4833,7.19396,7.56421,0.62020,0.71027,1.19583,1.05342,6.31871,7.47018
0.4875,7.15637,7.55504,0.63195,0.70637,1.21779,1.05296,6.12801,7.52178
0.4917,7.09042,7.56948,0.64357,0.70355,1.23867,1.05460,5.92750,7.62368
0.4958,6.99573,7.56654,0.65501,0.70455,1.25836,1.05706,5.72557,7.72741
0.5000,6.87017,7.55180,0.66620,0.70616,1.27674,1.05566,5.52314,7.78749
0.5042,6.71555,7.50828,0.67693,0.70299,1.29382,1.04452,5.31984,7.79777
0.5083,6.53173,7.50220,0.68699,0.70318,1.31025,1.03534,5.11869,7.76036
0.5125,6.32469,7.55216,0.69631,0.70581,1.32641,1.02824,4.91806,7.71660
0.5167,6.10080,7.59156,0.70559,0.70962,1.34279,1.02172,4.71593,7.70620
0.5208,5.86811,7.61890,0.71319,0.71286,1.36005,1.01097,4.50801,7.72509
0.5250,5.62935,7.64664,0.71896,0.71648,1.37853,1.00669,4.29787,7.82835
0.5292,5.38901,7.69372,0.72255,0.71642,1.39794,1.00547,4.08777,7.88659
0.5333,5.14821,7.74450,0.72396,0.71588,1.41773,1.00415,3.88456,7.95600
0.5375,4.90890,7.79618,0.72334,0.71595,1.43697,1.00397,3.69106,7.99116
0.5417,4.67052,7.87770,0.72114,0.71595,1.45504,1.01216,3.51048,8.03123
0.5458,4.43243,7.97158,0.71748,0.71595,1.46660,1.02248,3.34677,8.02936
0.5500,4.19693,8.02080,0.71242,0.73818,1.47996,1.03159,3.20300,8.07036
0.5542,3.96758,8.03019,0.70637,0.71042,1.49384,1.03919,3.08138,8.07847
0.5583,3.74320,8.02640,0.69943,0.69197,1.50748,1.04187,2.98407,8.08608
0.5625,3.52863,8.03451,0.69180,0.68357,1.52011,1.04244,2.90932,7.99592
0.5667,3.32456,8.03726,0.68355,0.68543,1.53084,1.04243,2.84722,7.87635
0.5708,3.13637,8.02925,0.67465,0.69552,1.53955,1.04243,2.79444,7.81215
0.5750,2.96474,8.02967,0.66550,0.71065,1.54640,1.04243,2.74717,7.78651
0.5792,2.81715,8.00113,0.65624,0.72291,1.55158,1.01348,2.69391,7.72391
0.5833,2.69663,7.91164,0.64740,0.73503,1.55510,0.97745,2.62808,7.62036
0.5875,2.60126,7.81106,0.63766,0.74427,1.55704,0.95394,2.54373,7.52841
0.5917,2.52500,7.70814,0.62758,0.75090,1.55737,0.94390,2.44354,7.51605
0.5958,2.46692,7.62897,0.61731,0.75694,1.55545,0.94775,2.32670,7.53192
0.6000,2.41655,7.58585,0.60683,0.76136,1.55073,0.96447,2.19740,7.55927
0.6042,2.36830,7.54741,0.59611,0.75873,1.54234,0.99089,2.05691,7.52835
0.6083,2.31801,7.53768,0.58491,0.75711,1.52953,1.01843,1.91034,7.45341
0.6125,2.25999,7.55142,0.57314,0.75357,1.51236,1.03256,1.76069,7.43692
0.6167,2.19089,7.53239,0.56109,0.75506,1.49901,1.04524,1.61263,7.46689
0.6208,2.11068,7.55518,0.54899,0.76079,1.48350,1.05379,1.47254,7.53631
0.6250,2.01988,7.53157,0.53654,0.76355,1.46595,1.06460,1.33923,7.70283
0.6292,1.91851,7.45386,0.52363,0.76619,1.44697,1.07645,1.21519,7.67634
0.6333,1.80533,7.46100,0.51018,0.77183,1.42712,1.08740,1.10303,7.72100
0.6375,1.68451,7.52821,0.49619,0.77715,1.40699,1.09962,1.00613,7.70759
0.6417,1.56387,7.53813,0.48171,0.78146,1.38680,1.10791,0.92071,7.67068
0.6458,1.44882,7.61516,0.46644,0.78817,1.36665,1.11726,0.83957,7.64887
0.6500,1.34654,7.59913,0.45053,0.79149,1.34669,1.12209,0.76164,7.60119
0.6542,1.25593,7.63645,0.43416,0.79158,1.32698,1.12270,0.68641,7.48758
0.6583,1.17307,7.65341,0.41721,0.78619,1.30718,1.12490,0.60970,7.38847
0.6625,1.09835,7.66688,0.39985,0.78329,1.28724,1.13239,0.53298,7.29091
0.6667,1.02742,7.62127,0.38195,0.78311,1.26683,1.14619,0.45301,7.27713
0.6708,0.96279,7.57239,0.36350,0.78594,1.24504,1.16692,0.36492,7.26983
0.6750,0.90519,7.49070,0.34476,0.78685,1.22146,1.19137,0.26924,7.37930
0.6792,0.84720,7.47039,0.32627,0.79023,1.19611,1.20416,0.16560,7.25652
0.6833,0.78498,7.45041,0.30808,0.79586,1.16877,1.21465,0.05547,7.27314
0.6875,0.71630,7.49785,0.29018,0.79522,1.14004,1.21749,-0.05756,7.33663
0.6917,0.63923,7.47849,0.27231,0.79715,1.11059,1.21845,-0.16905,7.35947
0.6958,0.55265,7.52935,0.25439,0.79869,1.08127,1.22617,-0.27608,7.26753
0.7000,0.45865,7.46536,0.23653,0.80072,1.05258,1.23830,-0.37356,7.23573
0.7042,0.36215,7.50544,0.21873,0.80450,1.02440,1.24587,-0.45982,7.21205
0.7083,0.26555,7.53068,0.20090,0.80794,0.99671,1.25105,-0.53597,7.25675
0.7125,0.17213,7.50959,0.18340,0.81016,0.96972,1.25518,-0.60553,7.29054
0.7167,0.08324,7.47288,0.16643,0.81209,0.94370,1.25751,-0.66492,7.31274
0.7208,-0.00518,7.42745,0.15000,0.81148,0.91826,1.25706,-0.71287,7.33612
0.7250,-0.09532,7.38642,0.13412,0.81173,0.89279,1.26340,-0.74987,7.36653
0.7292,-0.18375,7.35468,0.11882,0.81443,0.86726,1.27406,-0.77406,7.34460
0.7333,-0.27035,7.34376,0.10388,0.81454,0.84127,1.28577,-0.79256,7.34793
0.7375,-0.35126,7.36012,0.08933,0.81662,0.81458,1.28996,-0.80714,7.32216
0.7417,-0.42625,7.33920,0.07558,0.82437,0.78702,1.29337,-0.81821,7.29055
0.7458,-0.49888,7.34498,0.06282,0.83430,0.75859,1.29574,-0.82938,7.25652
0.7500,-0.57212,7.32522,0.05093,0.85089,0.72882,1.29616,-0.84457,7.14058
0.7542,-0.64243,7.30075,0.04013,0.85194,0.69746,1.29593,-0.86590,7.09421
0.7583,-0.70570,7.23550,0.03025,0.85233,0.66405,1.29803,-0.89153,7.22121
0.7625,-0.75753,7.22689,0.02114,0.85176,0.62877,1.30693,-0.92361,7.19651
0.7667,-0.79815,7.19304,0.01286,0.85525,0.59155,1.31152,-0.95894,7.25189
0.7708,-0.83101,7.10077,0.00527,0.85877,0.55256,1.31365,-0.99600,7.25772
0.7750,-0.86269,7.02698,-0.00155,0.86123,0.51273,1.31259,-1.03806,7.24037
0.7792,-0.89431,7.09596,-0.00753,0.86077,0.47343,1.31559,-1.08591,7.20446
0.7833,-0.92960,6.92823,-0.01296,0.86048,0.43596,1.31549,-1.13698,7.19500
0.7875,-0.97050,6.86896,-0.01820,0.85744,0.40084,1.33201,-1.19070,7.16333
0.7917,-1.01964,6.85591,-0.02311,0.85215,0.36868,1.34649,-1.24826,7.12857
0.7958,-1.07752,6.86702,-0.02807,0.84295,0.34005,1.35593,-1.31005,7.07187
0.8000,-1.14210,6.85649,-0.03330,0.83998,0.31493,1.36009,-1.37360,7.07019
0.8042,-1.21157,6.84013,-0.03857,0.82817,0.29359,1.36268,-1.43818,6.99600
0.8083,-1.28743,6.83776,-0.04385,0.82494,0.27614,1.36617,-1.50286,6.91611
0.8125,-1.36989,6.85114,-0.04915,0.82345,0.26224,1.37512,-1.56498,6.88176
0.8167,-1.45900,6.83444,-0.05450,0.82217,0.25097,1.38078,-1.62338,6.89359
0.8208,-1.54616,6.84570,-0.06002,0.82372,0.24257,1.38095,-1.67677,6.90004
0.8250,-1.62716,6.89204,-0.06597,0.82570,0.23670,1.37756,-1.72429,6.94422
0.8292,-1.69739,6.98038,-0.07257,0.82946,0.23325,1.38767,-1.76268,6.93306
0.8333,-1.75675,7.08191,-0.07984,0.83146,0.23129,1.37772,-1.79182,6.96320
0.8375,-1.80712,7.12783,-0.08805,0.82879,0.23015,1.37425,-1.80813,6.96244
0.8417,-1.85081,7.13681,-0.09695,0.82609,0.22921,1.36109,-1.81027,6.95038
0.8458,-1.88654,7.21457,-0.10637,0.82276,0.22904,1.34858,-1.79451,6.90664
0.8500,-1.91209,7.22019,-0.11609,0.82273,0.22963,1.33427,-1.76022,6.91316
0.8542,-1.92879,7.17361,-0.12605,0.82457,0.23018,1.31834,-1.70991,6.91421
0.8583,-1.93367,7.09498,-0.13600,0.82564,0.22947,1.30247,-1.64917,6.95692
0.8625,-1.92220,7.01746,-0.14607,0.82754,0.22685,1.28299,-1.58315,6.98320
0.8667,-1.89674,6.95529,-0.15609,0.82780,0.22206,1.26442,-1.51437,7.00828
0.8708,-1.85840,6.94217,-0.16579,0.82524,0.21545,1.24638,-1.44738,6.99223
0.8750,-1.81092,6.95905,-0.17544,0.82331,0.20750,1.23021,-1.38508,7.01043
0.8792,-1.75650,6.98251,-0.18505,0.82227,0.19840,1.22897,-1.33180,7.04766
0.8833,-1.69851,7.01496,-0.19444,0.83078,0.18810,1.22684,-1.29685,7.06006
0.8875,-1.63663,7.05505,-0.20371,0.82833,0.17768,1.22663,-1.28522,7.03960
0.8917,-1.57641,7.08468,-0.21285,0.83509,0.16802,1.23000,-1.29767,7.01806
0.8958,-1.52245,7.09917,-0.22221,0.83775,0.15949,1.23313,-1.33507,6.96876
0.9000,-1.47988,7.09969,-0.23207,0.83805,0.15140,1.23361,-1.39360,6.96027
0.9042,-1.45181,7.09802,-0.24232,0.83625,0.14350,1.23531,-1.46426,6.96416
0.9083,-1.44095,7.07295,-0.25269,0.83428,0.13582,1.24153,-1.53697,6.90942
0.9125,-1.44587,7.02270,-0.26300,0.83376,0.12898,1.26603,-1.60719,6.83122
0.9167,-1.46765,6.94883,-0.27299,0.83690,0.12247,1.25840,-1.67196,6.76553
0.9208,-1.50301,6.88341,-0.28261,0.83641,0.11500,1.26753,-1.72977,6.82155
0.9250,-1.54510,6.84327,-0.29177,0.83433,0.10590,1.26986,-1.77885,7.01458
0.9292,-1.58703,6.81324,-0.30036,0.83556,0.09576,1.26372,-1.81651,6.85230
0.9333,-1.62887,6.78880,-0.30813,0.83577,0.08448,1.25392,-1.84296,6.82462
0.9375,-1.66728,6.77766,-0.31503,0.83430,0.07198,1.24962,-1.86191,6.90011
0.9417,-1.69976,6.86348,-0.32094,0.83403,0.05857,1.24604,-1.87876,6.97169
0.9458,-1.72623,7.07412,-0.32560,0.83575,0.04453,1.24574,-1.89741,7.02636
0.9500,-1.74653,6.94740,-0.32867,0.84319,0.02988,1.24274,-1.91993,7.03684
0.9542,-1.75972,6.94161,-0.33051,0.84374,0.01549,1.23302,-1.94659,7.04832
0.9583,-1.76949,7.02014,-0.33138,0.84292,0.00195,1.22026,-1.97680,7.09530
0.9625,-1.77689,7.05051,-0.33225,0.83585,-0.01108,1.20949,-2.01320,7.13006
0.9667,-1.78357,7.02500,-0.33352,0.82903,-0.02396,1.20357,-2.05117,7.16935
0.9708,-1.79414,6.97491,-0.33528,0.82064,-0.03632,1.19873,-2.09116,7.22911
0.9750,-1.80833,6.92533,-0.33767,0.81376,-0.04798,1.19427,-2.12959,7.28764
0.9792,-1.82594,6.92540,-0.34027,0.80976,-0.05854,1.19899,-2.16462,7.33218
0.9833,-1.85005,6.94663,-0.34277,0.81201,-0.06789,1.20030,-2.19402,7.35264
0.9875,-1.87400,6.97680,-0.34559,0.81464,-0.07616,1.20371,-2.21771,7.37907
0.9917,-1.89464,6.99037,-0.34868,0.81459,-0.08266,1.20570,-2.22958,7.38897
0.9958,-1.90840,7.00664,-0.35167,0.81130,-0.08679,1.20402,-2.22860,7.34953
