index,time_s,wave[full field],wave[vessels],wave[top-edge],wave[lower-right],motion[full field],motion[vessels],motion[top-edge],motion[lower-right]
0,0.01665,-0.001606,-0.003209,-0.002619,-0.003164,0.070039,0.087108,0.067302,0.094301
1,0.04995,-0.021878,-0.086561,-0.003622,-0.023970,0.053877,0.083954,0.049938,0.043469
2,0.08326,-0.034747,-0.136695,-0.004579,-0.038292,0.052871,0.071679,0.044885,0.045462
3,0.11656,-0.035545,-0.132079,-0.005470,-0.042385,0.055745,0.140024,0.038806,0.048165
4,0.14986,-0.023428,-0.068467,-0.006278,-0.035734,0.148891,0.672388,0.052235,0.085218
5,0.18316,-0.001394,0.040699,-0.006989,-0.020713,0.090946,0.277356,0.053877,0.090470
6,0.21647,0.024822,0.168615,-0.007591,-0.001372,0.224229,0.971218,0.059106,0.127774
7,0.24977,0.048469,0.282031,-0.008078,0.017951,0.173173,0.753361,0.048594,0.108970
8,0.28307,0.063483,0.349203,-0.008442,0.033548,0.136336,0.553935,0.069969,0.070386
9,0.31637,0.065675,0.346860,-0.008680,0.042586,0.288204,1.376424,0.070219,0.144644
10,0.34968,0.053723,0.267278,-0.008791,0.043335,0.203579,0.972509,0.049923,0.174515
11,0.38298,0.029973,0.123939,-0.008773,0.035879,0.213261,0.777506,0.039316,0.190306
12,0.41628,-0.000093,-0.051369,-0.008630,0.022484,0.076354,0.147039,0.049846,0.073152
13,0.44958,-0.029928,-0.220777,-0.008367,0.006655,0.073674,0.141046,0.045186,0.069610
14,0.48289,-0.054226,-0.353160,-0.007990,-0.008664,0.085169,0.229973,0.061585,0.052521
15,0.51619,-0.069982,-0.429798,-0.007511,-0.022187,0.074941,0.118937,0.047842,0.083565
16,0.54949,-0.076121,-0.443173,-0.006942,-0.033909,0.075735,0.093981,0.063583,0.085604
17,0.58280,-0.072599,-0.393807,-0.006294,-0.043797,0.069773,0.115863,0.050885,0.069539
18,0.61610,-0.059768,-0.288083,-0.005582,-0.050664,0.078544,0.150228,0.063579,0.075933
19,0.64940,-0.038271,-0.137297,-0.004820,-0.051952,0.117221,0.508926,0.051526,0.066547
20,0.68270,-0.009454,0.042253,-0.004021,-0.044573,0.076612,0.193069,0.050548,0.049121
21,0.71601,0.023942,0.228246,-0.003199,-0.026557,0.196139,0.878698,0.067909,0.072194
22,0.74931,0.057381,0.392446,-0.002368,0.001246,0.162042,0.696750,0.071966,0.085182
23,0.78261,0.084735,0.503250,-0.001541,0.034223,0.108367,0.330457,0.055752,0.070059
24,0.81591,0.099041,0.530558,-0.000728,0.064258,0.282225,1.584563,0.049042,0.069960
25,0.84922,0.094632,0.456618,0.000062,0.081910,0.393585,1.536710,0.066905,0.469558
26,0.88252,0.070561,0.290155,0.000819,0.080961,0.281253,0.833003,0.063646,0.298266
27,0.91582,0.032344,0.068688,0.001535,0.062318,0.102523,0.254894,0.061885,0.086005
28,0.94912,-0.010313,-0.156474,0.002205,0.032971,0.074161,0.178341,0.060246,0.055473
29,0.98243,-0.047916,-0.339711,0.002823,0.001199,0.092986,0.197233,0.060554,0.092391
30,1.01573,-0.074245,-0.452433,0.003386,-0.027201,0.075947,0.121099,0.059263,0.076032
31,1.04903,-0.086942,-0.484675,0.003891,-0.049672,0.097616,0.219569,0.063605,0.100489
32,1.08233,-0.086471,-0.440938,0.004336,-0.065587,0.096792,0.168671,0.061921,0.119099
33,1.11564,-0.074590,-0.334576,0.004720,-0.074304,0.089190,0.171418,0.075576,0.075305
34,1.14894,-0.053251,-0.183496,0.005043,-0.073999,0.120945,0.494987,0.053433,0.067657
35,1.18224,-0.024371,-0.007721,0.005305,-0.062152,0.103329,0.369017,0.045736,0.055449
36,1.21554,0.009649,0.171392,0.005507,-0.037322,0.170350,0.766312,0.060399,0.059747
37,1.24885,0.045149,0.330905,0.005649,-0.001219,0.145917,0.650860,0.060606,0.068506
38,1.28215,0.076659,0.446032,0.005731,0.040045,0.133597,0.471879,0.052064,0.111494
39,1.31545,0.097074,0.491452,0.005752,0.076367,0.213755,1.103347,0.056186,0.069700
40,1.34875,0.099505,0.448432,0.005712,0.096420,0.419124,1.568090,0.061800,0.495322
41,1.38206,0.080874,0.317166,0.005609,0.092796,0.272837,0.791785,0.096194,0.295125
42,1.41536,0.044516,0.122447,0.005445,0.066408,0.124629,0.313209,0.080240,0.124546
43,1.44866,-0.000982,-0.094999,0.005220,0.025913,0.097906,0.217048,0.074673,0.096761
44,1.48196,-0.045435,-0.293077,0.004942,-0.016977,0.096646,0.201700,0.074379,0.085919
45,1.51527,-0.080124,-0.437941,0.004616,-0.052000,0.093417,0.176964,0.075065,0.109301
46,1.54857,-0.099199,-0.507287,0.004250,-0.072643,0.075143,0.082971,0.055480,0.087017
47,1.58187,-0.100039,-0.490876,0.003855,-0.076696,0.079821,0.161501,0.049401,0.064866
48,1.61518,-0.083151,-0.390665,0.003438,-0.065758,0.092825,0.134340,0.057127,0.122093
49,1.64848,-0.051815,-0.221136,0.003008,-0.044056,0.104805,0.245099,0.049407,0.095413
50,1.68178,-0.011557,-0.008969,0.002569,-0.016989,0.163719,0.623757,0.065543,0.127368
51,1.71508,0.030610,0.209575,0.002127,0.010109,0.168016,0.492496,0.068899,0.165232
52,1.74839,0.067227,0.394036,0.001687,0.032907,0.263933,1.094833,0.076986,0.209722
53,1.78169,0.091704,0.507782,0.001253,0.048701,0.244406,1.103122,0.057395,0.176361
54,1.81499,0.099523,0.527183,0.000830,0.056229,0.186436,0.937094,0.072537,0.074167
55,1.84829,0.089055,0.448433,0.000421,0.054855,0.410181,1.581126,0.075467,0.298801
56,1.88160,0.062376,0.289969,0.000032,0.044536,0.194395,0.582393,0.052508,0.188029
57,1.91490,0.025312,0.087779,-0.000334,0.026685,0.120174,0.376153,0.056248,0.117187
58,1.94820,-0.014407,-0.116946,-0.000672,0.004323,0.162312,0.441457,0.053880,0.180079
59,1.98150,-0.049563,-0.289715,-0.000981,-0.018557,0.095153,0.162646,0.053787,0.109827
60,2.01481,-0.074742,-0.407768,-0.001261,-0.037675,0.084573,0.226755,0.061263,0.060065
61,2.04811,-0.086749,-0.459846,-0.001512,-0.049365,0.084442,0.124232,0.062912,0.094967
62,2.08141,-0.084592,-0.443730,-0.001737,-0.051518,0.073873,0.143261,0.053234,0.054420
63,2.11471,-0.069198,-0.363872,-0.001938,-0.044023,0.071294,0.095559,0.052789,0.069806
64,2.14802,-0.043190,-0.230819,-0.002120,-0.028760,0.092145,0.174310,0.066249,0.093115
65,2.18132,-0.010651,-0.061515,-0.002285,-0.009160,0.144827,0.640313,0.073651,0.077356
66,2.21462,0.023290,0.121342,-0.002438,0.010558,0.110490,0.278091,0.061340,0.108946
67,2.24792,0.053107,0.290814,-0.002582,0.026382,0.250581,0.966800,0.077096,0.194396
68,2.28123,0.073819,0.418524,-0.002719,0.035723,0.190334,0.789189,0.065255,0.146028
69,2.31453,0.081921,0.479238,-0.002849,0.038063,0.136763,0.602459,0.055853,0.070266
70,2.34783,0.075861,0.456231,-0.002972,0.034427,0.334855,1.489158,0.068938,0.200397
71,2.38113,0.056593,0.348081,-0.003086,0.026524,0.166161,0.842367,0.057142,0.095130
72,2.41444,0.027973,0.173999,-0.003189,0.016257,0.163598,0.734288,0.062019,0.119747
73,2.44774,-0.004154,-0.029498,-0.003279,0.005306,0.108786,0.259198,0.057794,0.110289
74,2.48104,-0.033777,-0.220226,-0.003353,-0.005152,0.086148,0.101043,0.057180,0.106534
75,2.51435,-0.056209,-0.362964,-0.003409,-0.014363,0.077221,0.098195,0.065668,0.079311
76,2.54765,-0.068773,-0.437051,-0.003441,-0.021853,0.075437,0.096284,0.066897,0.062135
77,2.58095,-0.070721,-0.437301,-0.003448,-0.027347,0.075551,0.110310,0.054574,0.087953
78,2.61425,-0.062714,-0.370713,-0.003425,-0.030557,0.072202,0.127162,0.050308,0.071361
79,2.64756,-0.046313,-0.252128,-0.003369,-0.030907,0.098374,0.292703,0.059509,0.081400
80,2.68086,-0.023631,-0.100239,-0.003278,-0.027522,0.129845,0.519418,0.055878,0.076986
81,2.71416,0.002792,0.065033,-0.003149,-0.019644,0.088995,0.253991,0.041112,0.052811
82,2.74746,0.029861,0.222919,-0.002982,-0.007291,0.207809,0.902694,0.070285,0.117529
83,2.78077,0.053915,0.351836,-0.002778,0.008333,0.162153,0.673552,0.072176,0.115800
84,2.81407,0.071002,0.430672,-0.002537,0.024861,0.125801,0.481537,0.063992,0.074660
85,2.84737,0.077302,0.441151,-0.002261,0.038952,0.281236,1.359767,0.070384,0.125643
86,2.88067,0.070245,0.373909,-0.001948,0.046941,0.231951,1.007569,0.073310,0.229197
87,2.91398,0.050198,0.236831,-0.001601,0.046428,0.256074,0.941101,0.057888,0.216464
88,2.94728,0.021118,0.056578,-0.001219,0.037679,0.072433,0.154230,0.058591,0.063156
89,2.98058,-0.010899,-0.130444,-0.000803,0.023113,0.079734,0.189181,0.058846,0.084065
90,3.01388,-0.040047,-0.290502,-0.000355,0.005471,0.111882,0.250123,0.059649,0.117615
91,3.04719,-0.062237,-0.399654,0.000121,-0.013233,0.063613,0.108046,0.057671,0.070358
92,3.08049,-0.075162,-0.444589,0.000620,-0.031527,0.072263,0.120318,0.058210,0.075539
93,3.11379,-0.077848,-0.421310,0.001136,-0.047855,0.070701,0.093563,0.052158,0.076540
94,3.14709,-0.070197,-0.334036,0.001661,-0.059959,0.079444,0.113086,0.056249,0.078178
95,3.18040,-0.052674,-0.194518,0.002186,-0.064625,0.111089,0.385909,0.057323,0.066231
96,3.21370,-0.026359,-0.021086,0.002700,-0.058300,0.118599,0.508759,0.054331,0.061425
97,3.24700,0.006613,0.162845,0.003191,-0.038661,0.147120,0.601875,0.055788,0.053671
98,3.28030,0.042425,0.330160,0.003646,-0.006529,0.163425,0.732115,0.062132,0.075108
99,3.31361,0.075231,0.451670,0.004052,0.032892,0.159830,0.672821,0.055619,0.100831
100,3.34691,0.097608,0.499973,0.004395,0.070215,0.210718,1.168375,0.055440,0.055436
101,3.38021,0.102463,0.457723,0.004663,0.094183,0.416009,1.481852,0.078200,0.445130
102,3.41351,0.086347,0.327654,0.004845,0.096353,0.274569,0.747222,0.092659,0.298298
103,3.44682,0.051854,0.134911,0.004931,0.075551,0.133808,0.319690,0.090952,0.120086
104,3.48012,0.006677,-0.082153,0.004917,0.038055,0.139935,0.458694,0.085316,0.108200
105,3.51342,-0.039523,-0.283983,0.004805,-0.006076,0.100220,0.200284,0.082192,0.095869
106,3.54673,-0.077836,-0.437044,0.004599,-0.046789,0.080424,0.121518,0.056189,0.092779
107,3.58003,-0.101649,-0.517234,0.004307,-0.076246,0.061077,0.083894,0.049589,0.045452
108,3.61333,-0.107344,-0.511616,0.003939,-0.089865,0.078498,0.127497,0.055101,0.071672
109,3.64663,-0.094366,-0.419136,0.003505,-0.086505,0.067376,0.074745,0.052243,0.050212
110,3.67994,-0.064924,-0.251206,0.003016,-0.067994,0.115101,0.372312,0.061686,0.086087
111,3.71324,-0.023645,-0.031927,0.002483,-0.038371,0.104920,0.340612,0.060539,0.079133
112,3.74654,0.022811,0.203083,0.001917,-0.003087,0.169704,0.615372,0.064778,0.139222
113,3.77984,0.066366,0.410368,0.001329,0.031805,0.205962,0.818275,0.059542,0.177107
114,3.81315,0.098693,0.546345,0.000733,0.060532,0.233008,1.161348,0.073303,0.160098
115,3.84645,0.112794,0.578505,0.000139,0.078173,0.208113,1.095273,0.062195,0.095201
116,3.87975,0.104784,0.496440,-0.000439,0.081097,0.422754,1.551557,0.060282,0.359984
117,3.91305,0.075779,0.317740,-0.000989,0.068256,0.210616,0.591256,0.055992,0.212297
118,3.94636,0.032367,0.083399,-0.001500,0.042535,0.102642,0.301362,0.054164,0.115233
119,3.97966,-0.015672,-0.156752,-0.001961,0.010090,0.141749,0.361427,0.057430,0.159646
120,4.01296,-0.058676,-0.358633,-0.002364,-0.021866,0.071952,0.138083,0.045639,0.071610
121,4.04626,-0.089240,-0.491288,-0.002702,-0.047042,0.068008,0.097976,0.047992,0.058519
122,4.07957,-0.103052,-0.538562,-0.002972,-0.061394,0.070561,0.085598,0.047005,0.069585
123,4.11287,-0.098928,-0.497900,-0.003172,-0.063631,0.070779,0.144620,0.061428,0.055245
124,4.14617,-0.078339,-0.378078,-0.003303,-0.054833,0.071569,0.093551,0.057307,0.073800
125,4.17947,-0.044944,-0.197694,-0.003368,-0.037701,0.091029,0.286277,0.058653,0.056511
126,4.21278,-0.004203,0.015983,-0.003370,-0.015842,0.153913,0.621316,0.058905,0.091297
127,4.24608,0.037175,0.229406,-0.003316,0.006803,0.133836,0.462077,0.059901,0.089197
128,4.27938,0.072028,0.406427,-0.003211,0.026480,0.215147,0.896492,0.059410,0.127419
129,4.31268,0.093846,0.513757,-0.003062,0.040149,0.237749,1.124022,0.070853,0.139399
130,4.34599,0.098208,0.529004,-0.002875,0.045927,0.203931,1.000615,0.052072,0.085404
131,4.37929,0.084164,0.448475,-0.002658,0.043339,0.371141,1.391263,0.062340,0.242862
132,4.41259,0.055106,0.290292,-0.002416,0.033635,0.139872,0.532228,0.047414,0.121630
133,4.44589,0.018113,0.089655,-0.002157,0.019716,0.116331,0.549122,0.054564,0.064277
134,4.47920,-0.018656,-0.112722,-0.001888,0.004953,0.100163,0.196416,0.067636,0.121333
135,4.51250,-0.048742,-0.282448,-0.001617,-0.008218,0.061087,0.103103,0.059295,0.054545
136,4.54580,-0.068635,-0.397941,-0.001350,-0.018756,0.104026,0.208264,0.053405,0.124746
137,4.57911,-0.077455,-0.450454,-0.001092,-0.026533,0.081958,0.112274,0.058845,0.096490
138,4.61241,-0.075855,-0.440043,-0.000850,-0.031557,0.066564,0.102386,0.046895,0.054394
139,4.64571,-0.065084,-0.371764,-0.000628,-0.033580,0.071057,0.107625,0.065827,0.073588
140,4.67901,-0.046683,-0.254473,-0.000430,-0.032210,0.073606,0.086065,0.066258,0.076005
141,4.71232,-0.022545,-0.101423,-0.000259,-0.027065,0.142583,0.533796,0.064942,0.091735
142,4.74562,0.005020,0.069554,-0.000118,-0.017879,0.137035,0.478561,0.064641,0.103619
143,4.77892,0.033282,0.237110,-0.000006,-0.004698,0.211747,0.856550,0.071136,0.132280
144,4.81222,0.059064,0.377982,0.000080,0.011780,0.174818,0.774453,0.060701,0.109286
145,4.84553,0.078573,0.468418,0.000142,0.029679,0.120268,0.501184,0.067603,0.064129
146,4.87883,0.087349,0.486406,0.000185,0.045428,0.273558,1.323425,0.071636,0.124317
147,4.91213,0.081448,0.418574,0.000216,0.054318,0.308229,1.285704,0.047121,0.267191
148,4.94543,0.059958,0.270669,0.000240,0.052781,0.283002,1.004710,0.059410,0.252372
149,4.97874,0.026594,0.071062,0.000264,0.040689,0.074939,0.184852,0.059775,0.054781
150,5.01204,-0.011583,-0.138815,0.000295,0.021173,0.104253,0.215148,0.065553,0.098961
151,5.04534,-0.047072,-0.319310,0.000337,-0.001567,0.091823,0.213390,0.049754,0.089759
152,5.07864,-0.074042,-0.441884,0.000395,-0.023965,0.058512,0.098289,0.045435,0.056916
153,5.11195,-0.088977,-0.491116,0.000473,-0.043491,0.077003,0.129978,0.061118,0.083929
154,5.14525,-0.090503,-0.463304,0.000571,-0.058284,0.071229,0.101383,0.058742,0.069026
155,5.17855,-0.078869,-0.364460,0.000691,-0.066505,0.074000,0.122086,0.058002,0.065728
156,5.21185,-0.055516,-0.208682,0.000831,-0.066029,0.112886,0.460928,0.061696,0.060601
157,5.24516,-0.022947,-0.016684,0.000988,-0.054877,0.120752,0.427066,0.056454,0.080522
158,5.27846,0.015138,0.185482,0.001159,-0.032277,0.165136,0.681155,0.059558,0.059834
159,5.31176,0.053644,0.367399,0.001340,0.000065,0.173365,0.700912,0.056074,0.109527
160,5.34506,0.086059,0.495849,0.001525,0.037123,0.132663,0.454695,0.057759,0.103415
161,5.37837,0.105016,0.539272,0.001707,0.070746,0.256952,1.478090,0.050618,0.066695
162,5.41167,0.104304,0.478791,0.001878,0.091485,0.417512,1.567132,0.062852,0.441085
163,5.44497,0.082241,0.321776,0.002031,0.092548,0.262969,0.725811,0.085275,0.283667
164,5.47827,0.043577,0.103681,0.002159,0.073591,0.110898,0.232206,0.069140,0.129210
165,5.51158,-0.002383,-0.126331,0.002255,0.040590,0.097464,0.215975,0.072538,0.104307
166,5.54488,-0.045700,-0.323226,0.002316,0.002285,0.090569,0.141865,0.058728,0.105396
167,5.57818,-0.078661,-0.456051,0.002338,-0.033201,0.068947,0.096949,0.074747,0.077935
168,5.61149,-0.096762,-0.509590,0.002321,-0.060071,0.071163,0.148875,0.060436,0.062026
169,5.64479,-0.098519,-0.481636,0.002264,-0.075264,0.076658,0.136492,0.061073,0.059073
170,5.67809,-0.084754,-0.379476,0.002169,-0.078022,0.068311,0.099577,0.049498,0.070851
171,5.71139,-0.057926,-0.217883,0.002036,-0.069045,0.117917,0.447573,0.052713,0.075083
172,5.74470,-0.021770,-0.018380,0.001866,-0.049814,0.106081,0.394863,0.053373,0.076128
173,5.77800,0.018755,0.191137,0.001662,-0.022576,0.157293,0.625723,0.079822,0.069564
174,5.81130,0.057468,0.377245,0.001425,0.009110,0.175862,0.764268,0.074448,0.088145
175,5.84460,0.087337,0.504018,0.001158,0.039924,0.166231,0.673020,0.074081,0.120285
176,5.87791,0.101508,0.539937,0.000867,0.063140,0.252622,1.410395,0.065658,0.076965
177,5.91121,0.095382,0.469497,0.000560,0.072305,0.385288,1.491311,0.077259,0.395713
178,5.94451,0.069327,0.304639,0.000244,0.064394,0.260956,0.848819,0.047834,0.266617
179,5.97781,0.029738,0.084627,-0.000071,0.042331,0.092705,0.209772,0.051652,0.081641
180,6.01112,-0.013364,-0.139101,-0.000377,0.013748,0.089163,0.188302,0.043575,0.087415
181,6.04442,-0.050478,-0.321814,-0.000666,-0.013121,0.065375,0.100293,0.056242,0.065557
182,6.07772,-0.075391,-0.436064,-0.000933,-0.032695,0.114848,0.260007,0.068914,0.137918
183,6.11102,-0.085576,-0.472070,-0.001174,-0.042760,0.107658,0.187830,0.071025,0.133392
184,6.14433,-0.081208,-0.432840,-0.001384,-0.043544,0.076339,0.160303,0.064085,0.070975
185,6.17763,-0.064169,-0.329581,-0.001560,-0.036680,0.078168,0.093394,0.047990,0.102521
186,6.21093,-0.037641,-0.179816,-0.001699,-0.024573,0.092228,0.161587,0.058821,0.105800
187,6.24423,-0.005888,-0.006489,-0.001800,-0.009896,0.156912,0.694276,0.043150,0.081857
188,6.27754,0.026170,0.164595,-0.001863,0.004747,0.129167,0.422586,0.052810,0.107817
189,6.31084,0.053569,0.308409,-0.001892,0.017044,0.231631,0.962745,0.073312,0.164735
190,6.34414,0.071984,0.403716,-0.001888,0.025379,0.169142,0.641638,0.081232,0.121658
191,6.37744,0.078293,0.435137,-0.001857,0.029058,0.150345,0.713957,0.055743,0.070018
192,6.41075,0.071072,0.395452,-0.001802,0.028060,0.362932,1.420141,0.058913,0.226450
193,6.44405,0.051484,0.289755,-0.001726,0.022972,0.142528,0.611220,0.056836,0.084855
194,6.47735,0.023674,0.137576,-0.001633,0.015067,0.133134,0.606091,0.061304,0.103346
195,6.51065,-0.006604,-0.032254,-0.001528,0.005819,0.108152,0.271538,0.052246,0.111042
196,6.54396,-0.034054,-0.190629,-0.001416,-0.003684,0.075975,0.138573,0.054490,0.063234
197,6.57726,-0.054988,-0.314941,-0.001302,-0.012857,0.097871,0.240454,0.058681,0.104360
198,6.61056,-0.067434,-0.391165,-0.001192,-0.021317,0.083551,0.113188,0.063152,0.102784
199,6.64387,-0.070645,-0.412350,-0.001092,-0.028378,0.065368,0.133727,0.060521,0.051727
200,6.67717,-0.064633,-0.376666,-0.001009,-0.032888,0.070043,0.094193,0.054997,0.062951
201,6.71047,-0.050046,-0.286992,-0.000945,-0.033582,0.097644,0.194348,0.070720,0.070821
202,6.74377,-0.028175,-0.151558,-0.000905,-0.029463,0.137497,0.504956,0.080361,0.095120
203,6.77708,-0.001038,0.015260,-0.000891,-0.020008,0.097345,0.248339,0.065847,0.096120
204,6.81038,0.028382,0.192131,-0.000901,-0.005381,0.218749,0.877537,0.070793,0.125453
205,6.84368,0.056060,0.351446,-0.000934,0.013223,0.174229,0.719679,0.065629,0.106121
206,6.87698,0.077179,0.462304,-0.000986,0.033167,0.114214,0.360766,0.048921,0.087446
207,6.91029,0.086597,0.495440,-0.001050,0.050137,0.290025,1.539426,0.061141,0.100832
208,6.94359,0.080357,0.433354,-0.001121,0.058953,0.322903,1.373113,0.077165,0.310918
209,6.97689,0.058255,0.283273,-0.001192,0.056052,0.264634,0.930398,0.066348,0.258742
210,7.01019,0.025028,0.079402,-0.001255,0.041889,0.080188,0.159544,0.062456,0.061409
211,7.04350,-0.011558,-0.130930,-0.001303,0.020500,0.093333,0.174289,0.058518,0.087667
212,7.07680,-0.044080,-0.305700,-0.001327,-0.003202,0.095404,0.228478,0.066763,0.098029
213,7.11010,-0.067613,-0.418600,-0.001319,-0.025488,0.073068,0.135115,0.051839,0.046993
214,7.14340,-0.080029,-0.459839,-0.001273,-0.044243,0.089363,0.184551,0.050132,0.088920
215,7.17671,-0.081260,-0.432160,-0.001181,-0.058353,0.069923,0.109084,0.050504,0.071125
216,7.21001,-0.072303,-0.346044,-0.001043,-0.066655,0.086287,0.192556,0.046776,0.070148
217,7.24331,-0.054439,-0.215688,-0.000856,-0.067252,0.134441,0.565047,0.060112,0.063160
218,7.27661,-0.028948,-0.056334,-0.000623,-0.057809,0.091788,0.316679,0.064660,0.057472
219,7.30992,0.002521,0.115979,-0.000347,-0.036761,0.200619,0.877804,0.059819,0.100121
220,7.34322,0.037184,0.282560,-0.000033,-0.004827,0.144974,0.626578,0.066571,0.082661
221,7.37652,0.070319,0.419560,0.000313,0.033733,0.108145,0.336055,0.052416,0.082773
222,7.40982,0.094980,0.497650,0.000685,0.070685,0.273652,1.597245,0.055056,0.059491
223,7.44313,0.103581,0.490281,0.001073,0.095381,0.385464,1.442744,0.057827,0.457486
224,7.47643,0.091547,0.388688,0.001468,0.099237,0.302866,1.014824,0.055292,0.311797
225,7.50973,0.060190,0.209247,0.001860,0.080491,0.162562,0.476191,0.082352,0.161079
226,7.54304,0.016265,-0.012916,0.002239,0.044874,0.163021,0.622504,0.075447,0.146718
227,7.57634,-0.030790,-0.235382,0.002595,0.002220,0.100655,0.250214,0.075853,0.087057
228,7.60964,-0.071672,-0.417567,0.002920,-0.037570,0.091332,0.241275,0.064395,0.068649
229,7.64294,-0.099091,-0.527085,0.003209,-0.067254,0.080793,0.118734,0.062815,0.086403
230,7.67625,-0.108682,-0.544045,0.003457,-0.083198,0.073816,0.133613,0.056582,0.067059
231,7.70955,-0.099198,-0.463615,0.003659,-0.084836,0.075674,0.083211,0.054046,0.090520
232,7.74285,-0.072347,-0.297334,0.003813,-0.073485,0.102005,0.311743,0.058741,0.096662
233,7.77615,-0.032464,-0.072464,0.003913,-0.051326,0.136127,0.489995,0.061727,0.091376
234,7.80946,0.013988,0.171438,0.003958,-0.021125,0.154578,0.561438,0.063588,0.097278
235,7.84276,0.059109,0.388449,0.003944,0.013366,0.213124,0.929954,0.072331,0.134821
236,7.87606,0.094561,0.534615,0.003872,0.046985,0.218327,1.042575,0.058611,0.145547
237,7.90936,0.112887,0.577994,0.003740,0.073251,0.203523,1.078704,0.072829,0.072021
238,7.94267,0.109248,0.507993,0.003553,0.085446,0.436906,1.599631,0.081077,0.413442
239,7.97597,0.083613,0.340845,0.003313,0.079358,0.246365,0.681655,0.076768,0.246800
240,8.00927,0.041775,0.115739,0.003027,0.056092,0.109956,0.223346,0.055418,0.147056
241,8.04257,-0.006633,-0.119341,0.002703,0.021972,0.146576,0.485168,0.057656,0.154355
242,8.07588,-0.051622,-0.322001,0.002350,-0.014259,0.068527,0.121256,0.055259,0.044569
243,8.10918,-0.085304,-0.462171,0.001977,-0.044510,0.076418,0.104824,0.043143,0.096846
244,8.14248,-0.102891,-0.523305,0.001590,-0.063328,0.065181,0.085331,0.058065,0.074435
245,8.17578,-0.102695,-0.501010,0.001197,-0.068475,0.077967,0.133910,0.062313,0.064962
246,8.20909,-0.085567,-0.400666,0.000803,-0.060537,0.071802,0.091869,0.056481,0.084442
247,8.24239,-0.054394,-0.236191,0.000413,-0.042186,0.088386,0.247491,0.055342,0.077802
248,8.27569,-0.013859,-0.029926,0.000032,-0.017446,0.142837,0.618277,0.070548,0.079700
249,8.30899,0.029739,0.188003,-0.000337,0.008880,0.104688,0.272560,0.060997,0.088606
250,8.34230,0.068903,0.381325,-0.000690,0.031781,0.233759,0.953960,0.050369,0.173546
251,8.37560,0.096033,0.512423,-0.001023,0.047024,0.251220,1.188397,0.061121,0.169062
252,8.40890,0.105210,0.551712,-0.001336,0.052152,0.174054,0.807120,0.065580,0.078007
253,8.44220,0.093922,0.487264,-0.001624,0.046808,0.404385,1.589847,0.055864,0.250167
254,8.47551,0.064350,0.330453,-0.001888,0.032752,0.158453,0.638678,0.064688,0.119094
255,8.50881,0.023334,0.114813,-0.002126,0.013628,0.136095,0.642489,0.059818,0.070179
256,8.54211,-0.019847,-0.113709,-0.002337,-0.006157,0.105976,0.225536,0.057466,0.123342
257,8.57542,-0.056514,-0.310441,-0.002521,-0.022768,0.069998,0.098537,0.047786,0.080549
258,8.60872,-0.080598,-0.442746,-0.002679,-0.033574,0.066139,0.094532,0.062993,0.063738
259,8.64202,-0.089365,-0.494729,-0.002812,-0.037381,0.067713,0.078876,0.046599,0.069515
260,8.67532,-0.083150,-0.466137,-0.002922,-0.034486,0.062823,0.105119,0.048164,0.057888
261,8.70863,-0.064542,-0.368284,-0.003013,-0.026404,0.070897,0.119834,0.053658,0.070027
262,8.74193,-0.037459,-0.219812,-0.003089,-0.015311,0.122484,0.346686,0.063098,0.106898
263,8.77523,-0.006289,-0.043036,-0.003154,-0.003370,0.130839,0.544588,0.058279,0.070270
264,8.80853,0.024692,0.138533,-0.003213,0.007713,0.114152,0.339742,0.055634,0.093494
265,8.84184,0.051472,0.300789,-0.003270,0.016795,0.214883,0.880493,0.069420,0.136999
266,8.87514,0.070476,0.419890,-0.003327,0.023335,0.202675,0.912711,0.075368,0.110078
267,8.90844,0.078951,0.475215,-0.003387,0.027270,0.115671,0.504235,0.050446,0.044869
268,8.94174,0.075260,0.453210,-0.003448,0.028524,0.328507,1.525305,0.076310,0.189085
269,8.97505,0.059519,0.352853,-0.003510,0.026875,0.178758,0.834993,0.069999,0.092976
270,9.00835,0.034393,0.190776,-0.003568,0.022345,0.194904,0.841910,0.049800,0.125978
271,9.04165,0.004688,-0.001122,-0.003620,0.015325,0.075002,0.122031,0.052715,0.063333
272,9.07495,-0.024334,-0.186299,-0.003659,0.006240,0.078751,0.154577,0.068734,0.068709
273,9.10826,-0.048564,-0.334765,-0.003682,-0.004678,0.099368,0.203104,0.067491,0.092796
274,9.14156,-0.065551,-0.428001,-0.003681,-0.017114,0.068117,0.126744,0.055705,0.053257
275,9.17486,-0.074073,-0.457743,-0.003652,-0.030150,0.067399,0.098378,0.047160,0.054955
276,9.20816,-0.073588,-0.423195,-0.003589,-0.041990,0.056265,0.091185,0.055534,0.039300
277,9.24147,-0.064005,-0.329466,-0.003488,-0.050053,0.075426,0.119186,0.067755,0.062261
278,9.27477,-0.045684,-0.187148,-0.003345,-0.051349,0.120580,0.491728,0.058932,0.051250
279,9.30807,-0.019612,-0.011978,-0.003156,-0.043224,0.112204,0.446901,0.060204,0.068055
280,9.34137,0.012228,0.175576,-0.002921,-0.024457,0.187602,0.854261,0.052339,0.074817
281,9.37468,0.046349,0.350430,-0.002638,0.003585,0.139033,0.610356,0.057434,0.073539
282,9.40798,0.077315,0.482617,-0.002309,0.036221,0.115665,0.375124,0.055624,0.097536
283,9.44128,0.097900,0.539454,-0.001935,0.065714,0.281061,1.629505,0.064698,0.076162
284,9.47458,0.101113,0.496472,-0.001520,0.083206,0.386346,1.539702,0.057529,0.405596
285,9.50789,0.083899,0.353614,-0.001069,0.082628,0.294256,0.962483,0.065721,0.279399
286,9.54119,0.049434,0.140452,-0.000589,0.064109,0.103950,0.298814,0.067218,0.075881
287,9.57449,0.005652,-0.095936,-0.000085,0.033430,0.104116,0.181265,0.076060,0.107272
288,9.60780,-0.038342,-0.308797,0.000435,-0.001605,0.114655,0.280373,0.049798,0.090219
289,9.64110,-0.074876,-0.462763,0.000966,-0.034219,0.076410,0.109419,0.055820,0.065900
290,9.67440,-0.098595,-0.536692,0.001499,-0.059844,0.071447,0.087582,0.057162,0.079670
291,9.70770,-0.106465,-0.522772,0.002026,-0.075975,0.081707,0.127739,0.068363,0.081925
292,9.74101,-0.097514,-0.424892,0.002538,-0.081327,0.053348,0.065940,0.047662,0.046244
293,9.77431,-0.072667,-0.257363,0.003024,-0.075166,0.106298,0.377861,0.058573,0.075576
294,9.80761,-0.034846,-0.044041,0.003476,-0.057301,0.099210,0.323254,0.053670,0.069197
295,9.84091,0.010861,0.182868,0.003883,-0.028696,0.166689,0.696418,0.085749,0.082453
296,9.87422,0.057313,0.385500,0.004236,0.007637,0.191551,0.828763,0.068342,0.103274
297,9.90752,0.095982,0.525538,0.004530,0.046004,0.188713,0.834101,0.088878,0.115592
298,9.94082,0.118205,0.571493,0.004758,0.078244,0.218444,1.122021,0.079574,0.084058
299,9.97412,0.117388,0.508010,0.004922,0.095525,0.476848,1.716960,0.097498,0.455517
300,10.00743,0.092161,0.345142,0.005025,0.092102,0.253613,0.735235,0.078782,0.234230
301,10.04073,0.048098,0.118580,0.005073,0.068612,0.108057,0.204245,0.061055,0.127861
302,10.07403,-0.004354,-0.123280,0.005076,0.031658,0.155149,0.507802,0.053402,0.161625
303,10.10733,-0.053824,-0.334645,0.005045,-0.009351,0.080678,0.170879,0.053580,0.090451
304,10.14064,-0.090962,-0.480597,0.004989,-0.045280,0.066270,0.111720,0.054615,0.062366
305,10.17394,-0.109916,-0.540172,0.004919,-0.069438,0.069680,0.105926,0.053390,0.066998
306,10.20724,-0.108743,-0.507074,0.004842,-0.078690,0.068412,0.137705,0.059552,0.051850
307,10.24054,-0.088971,-0.388728,0.004764,-0.073335,0.068820,0.086589,0.046734,0.072665
308,10.27385,-0.054809,-0.204900,0.004692,-0.056155,0.124440,0.380755,0.051684,0.099656
309,10.30715,-0.012290,0.014262,0.004626,-0.031204,0.119490,0.444195,0.060189,0.077699
310,10.34045,0.031574,0.231875,0.004569,-0.002922,0.199033,0.780849,0.063628,0.118294
311,10.37375,0.069635,0.409749,0.004520,0.024304,0.196744,0.794624,0.075564,0.145191
312,10.40706,0.095476,0.514941,0.004478,0.046437,0.221419,1.071324,0.065689,0.151478
313,10.44036,0.104243,0.526583,0.004441,0.059997,0.196820,0.997740,0.065739,0.070291
314,10.47366,0.093698,0.442038,0.004407,0.062308,0.413291,1.466194,0.082042,0.312566
315,10.50696,0.065686,0.280071,0.004376,0.052550,0.195647,0.526482,0.051051,0.194609
316,10.54027,0.026524,0.076336,0.004345,0.033014,0.112499,0.347291,0.061476,0.117939
317,10.57357,-0.015107,-0.128820,0.004311,0.008687,0.130784,0.362960,0.043836,0.143451
318,10.60687,-0.051190,-0.301779,0.004271,-0.014671,0.069952,0.102498,0.061063,0.065226
319,10.64018,-0.076181,-0.420330,0.004219,-0.032380,0.095563,0.241675,0.051314,0.091138
320,10.67348,-0.087400,-0.473065,0.004148,-0.041909,0.086748,0.105271,0.059660,0.101929
321,10.70678,-0.084601,-0.456764,0.004051,-0.043011,0.066248,0.100355,0.055257,0.054680
322,10.74008,-0.069344,-0.374696,0.003919,-0.037239,0.076167,0.098391,0.057817,0.090912
323,10.77339,-0.044600,-0.237057,0.003744,-0.027217,0.082957,0.117110,0.064800,0.088891
324,10.80669,-0.014377,-0.061820,0.003516,-0.015715,0.165986,0.667631,0.068889,0.109993
325,10.83999,0.016851,0.126395,0.003229,-0.004775,0.126642,0.407890,0.055834,0.111806
326,10.87329,0.044787,0.299382,0.002877,0.004777,0.249669,1.017657,0.075802,0.166140
327,10.90660,0.065900,0.429521,0.002455,0.013328,0.212374,0.991709,0.072999,0.122865
328,10.93990,0.077701,0.494322,0.001959,0.021728,0.133523,0.627326,0.050857,0.049225
329,10.97320,0.078522,0.479738,0.001390,0.029873,0.288463,1.364715,0.054708,0.130493
330,11.00650,0.067612,0.383826,0.000749,0.035968,0.234314,1.052305,0.072036,0.202400
331,11.03981,0.046053,0.221161,0.000037,0.037554,0.253906,0.923648,0.056477,0.208099
332,11.07311,0.017262,0.021981,-0.000741,0.033194,0.095002,0.241600,0.055550,0.073329
333,11.10641,-0.013947,-0.176846,-0.001580,0.022965,0.109057,0.183916,0.074776,0.127075
334,11.13971,-0.042915,-0.342847,-0.002472,0.007942,0.120333,0.284191,0.092200,0.117478
335,11.17302,-0.065917,-0.453489,-0.003408,-0.010117,0.085721,0.133785,0.067602,0.074231
336,11.20632,-0.080082,-0.495923,-0.004374,-0.028781,0.075603,0.090978,0.052209,0.080197
337,11.23962,-0.083307,-0.465503,-0.005356,-0.045136,0.062250,0.093103,0.047597,0.053568
338,11.27292,-0.074457,-0.365390,-0.006338,-0.056051,0.079852,0.145636,0.055130,0.081330
339,11.30623,-0.053681,-0.206682,-0.007308,-0.058506,0.122604,0.504875,0.059603,0.064763
340,11.33953,-0.022697,-0.008252,-0.008250,-0.050188,0.114620,0.407646,0.062043,0.069202
341,11.37283,0.014941,0.203575,-0.009153,-0.030455,0.177773,0.785198,0.064715,0.067873
342,11.40613,0.053692,0.395849,-0.010004,-0.001400,0.165058,0.740428,0.069967,0.083021
343,11.43944,0.086271,0.531502,-0.010791,0.031655,0.147976,0.569686,0.057388,0.112380
344,11.47274,0.104617,0.575312,-0.011503,0.060716,0.280681,1.576747,0.055917,0.060331
345,11.50604,0.102315,0.506256,-0.012131,0.077162,0.393587,1.529553,0.067274,0.411967
346,11.53935,0.078071,0.331960,-0.012668,0.075521,0.298203,1.024253,0.056832,0.276029
347,11.57265,0.037438,0.091398,-0.013107,0.056694,0.086362,0.216617,0.055970,0.065595
348,11.60595,-0.009404,-0.159729,-0.013444,0.027160,0.084170,0.127330,0.064313,0.087730
349,11.63925,-0.052022,-0.369621,-0.013677,-0.004957,0.092362,0.154701,0.058867,0.100059
350,11.67256,-0.082843,-0.503419,-0.013807,-0.033049,0.065660,0.115818,0.053366,0.057760
351,11.70586,-0.097981,-0.545743,-0.013835,-0.053107,0.088802,0.139944,0.060994,0.098937
352,11.73916,-0.096678,-0.497445,-0.013766,-0.063425,0.080103,0.108563,0.054729,0.087201
353,11.77246,-0.080313,-0.371241,-0.013605,-0.063647,0.075595,0.144972,0.060139,0.068057
354,11.80577,-0.051632,-0.188206,-0.013361,-0.054070,0.120252,0.495262,0.063838,0.051300
355,11.83907,-0.014470,0.024849,-0.013042,-0.035688,0.099036,0.339386,0.049703,0.072929
356,11.87237,0.026211,0.237248,-0.012657,-0.010656,0.188914,0.873550,0.067263,0.084174
357,11.90567,0.064333,0.416301,-0.012218,0.017369,0.157893,0.671461,0.064177,0.089587
358,11.93898,0.093024,0.529755,-0.011733,0.043317,0.141753,0.475996,0.077640,0.129006
359,11.97228,0.105539,0.550261,-0.011211,0.061421,0.323145,1.736026,0.072857,0.108845
360,12.00558,0.097419,0.465432,-0.010658,0.066744,0.303251,1.093561,0.091598,0.264421
361,12.03888,0.069225,0.288820,-0.010078,0.057378,0.270659,0.920678,0.079257,0.231378
362,12.07219,0.027387,0.059312,-0.009468,0.036022,0.081499,0.147379,0.061553,0.070927
363,12.10549,-0.018139,-0.172969,-0.008827,0.009028,0.061227,0.107738,0.053897,0.049092
364,12.13879,-0.057724,-0.363514,-0.008148,-0.016642,0.069232,0.102980,0.053124,0.066214
365,12.17209,-0.084724,-0.483114,-0.007424,-0.035976,0.068789,0.105046,0.051981,0.052137
366,12.20540,-0.096046,-0.518892,-0.006647,-0.046724,0.066053,0.081291,0.054459,0.063232
367,12.23870,-0.091498,-0.471159,-0.005810,-0.048959,0.068741,0.110390,0.062814,0.060246
368,12.27200,-0.072920,-0.350273,-0.004904,-0.044106,0.063781,0.066445,0.077775,0.064457
369,12.30530,-0.043586,-0.175124,-0.003919,-0.033996,0.084734,0.228189,0.054141,0.061833
370,12.33861,-0.007852,0.028043,-0.002843,-0.020303,0.176108,0.748662,0.075024,0.093213
371,12.37191,0.029240,0.228394,-0.001663,-0.004443,0.115476,0.374108,0.056995,0.071981
372,12.40521,0.062281,0.393862,-0.000368,0.012140,0.207024,0.891455,0.055015,0.108165
373,12.43851,0.085805,0.494722,0.001056,0.027585,0.195415,0.904527,0.045374,0.119954
374,12.47182,0.094976,0.509396,0.002619,0.039426,0.189682,1.022312,0.063675,0.061425
375,12.50512,0.086920,0.432011,0.004332,0.044920,0.403220,1.481826,0.055305,0.272647
376,12.53842,0.062517,0.277853,0.006202,0.042251,0.190490,0.570230,0.060350,0.157166
377,12.57173,0.027075,0.080732,0.008233,0.031827,0.107926,0.341184,0.060666,0.098639
378,12.60503,-0.011567,-0.118975,0.010428,0.016151,0.130625,0.315843,0.055297,0.146359
379,12.63833,-0.045946,-0.287043,0.012786,-0.001411,0.063598,0.091165,0.042473,0.061672
380,12.67163,-0.070752,-0.401507,0.015301,-0.017690,0.108551,0.241139,0.058747,0.120785
381,12.70494,-0.083161,-0.452374,0.017964,-0.030214,0.095551,0.154866,0.057162,0.106843
382,12.73824,-0.082371,-0.438163,0.020758,-0.037268,0.066760,0.096706,0.057312,0.060698
383,12.77154,-0.069127,-0.363070,0.023663,-0.037975,0.063105,0.098421,0.052496,0.058034
384,12.80484,-0.045645,-0.236510,0.026655,-0.032579,0.103812,0.254240,0.057038,0.092208
385,12.83815,-0.015490,-0.073443,0.029703,-0.022429,0.142931,0.571085,0.074883,0.082401
386,12.87145,0.016810,0.105784,0.032771,-0.009577,0.107773,0.246630,0.084976,0.082276
387,12.90475,0.046295,0.275921,0.035822,0.003718,0.260388,1.052537,0.069164,0.161845
388,12.93805,0.068357,0.409277,0.038813,0.015576,0.193768,0.824196,0.052393,0.131476
389,12.97136,0.079518,0.480494,0.041699,0.024852,0.127540,0.533616,0.059951,0.077681
390,13.00466,0.077725,0.471416,0.044431,0.030800,0.331752,1.552139,0.073517,0.144894
391,13.03796,0.062887,0.377569,0.046956,0.032656,0.211857,0.974953,0.057842,0.163310
392,13.07126,0.037685,0.214590,0.049219,0.029932,0.193952,0.830535,0.063510,0.160141
393,13.10457,0.007179,0.016124,0.051161,0.022914,0.099554,0.213489,0.053282,0.090882
394,13.13787,-0.022970,-0.177944,0.052723,0.012565,0.093066,0.139988,0.066395,0.118064
395,13.17117,-0.048198,-0.334335,0.053843,0.000125,0.107171,0.229210,0.083161,0.110872
396,13.20447,-0.065652,-0.432632,0.054462,-0.012997,0.078447,0.143986,0.075993,0.076457
397,13.23778,-0.073876,-0.464498,0.054522,-0.025161,0.082423,0.130328,0.062675,0.088912
398,13.27108,-0.072314,-0.430332,0.053969,-0.034548,0.070704,0.120461,0.063806,0.067455
399,13.30438,-0.061069,-0.336613,0.052754,-0.039350,0.085820,0.221112,0.063429,0.058656
400,13.33768,-0.040936,-0.194399,0.050830,-0.038124,0.126406,0.517081,0.061235,0.070893
401,13.37099,-0.013627,-0.018934,0.048158,-0.030233,0.094972,0.298851,0.068191,0.067693
402,13.40429,0.017907,0.169451,0.044703,-0.016153,0.225210,0.929108,0.077697,0.131834
403,13.43759,0.049419,0.344751,0.040438,0.002492,0.171927,0.692003,0.087577,0.102613
404,13.47089,0.075619,0.476343,0.035347,0.022942,0.128029,0.493454,0.059924,0.072285
405,13.50420,0.090649,0.532652,0.029419,0.041175,0.305350,1.641425,0.065212,0.090110
406,13.53750,0.089651,0.491502,0.022659,0.052437,0.332786,1.466182,0.057015,0.304224
407,13.57080,0.071423,0.354186,0.015078,0.053312,0.287247,1.076586,0.058831,0.232827
408,13.60411,0.039735,0.149378,0.006703,0.043766,0.096500,0.306705,0.064287,0.055063
409,13.63741,0.001640,-0.078595,-0.002427,0.026640,0.101279,0.246560,0.067405,0.093309
410,13.67071,-0.035610,-0.286441,-0.012258,0.005407,0.130745,0.375764,0.059665,0.123753
411,13.70401,-0.066397,-0.441566,-0.022716,-0.017025,0.109333,0.242382,0.054028,0.133675
412,13.73732,-0.086847,-0.523391,-0.033714,-0.037959,0.097510,0.229887,0.053356,0.091455
413,13.77062,-0.094422,-0.521841,-0.045144,-0.054422,0.084113,0.150331,0.053625,0.082868
414,13.80392,-0.087816,-0.436838,-0.056880,-0.063292,0.077016,0.119622,0.054156,0.073219
415,13.83722,-0.067254,-0.279274,-0.068779,-0.061944,0.101320,0.315435,0.051074,0.069615
416,13.87053,-0.034950,-0.071729,-0.080679,-0.049107,0.138711,0.523063,0.043909,0.101135
417,13.90383,0.004727,0.153291,-0.092402,-0.025615,0.205518,0.849554,0.046942,0.117429
418,13.93713,0.045594,0.357972,-0.103753,0.005225,0.208462,0.878945,0.058615,0.146162
419,13.97043,0.080349,0.504959,-0.114527,0.037776,0.211704,0.914560,0.079116,0.155192
420,14.00374,0.101459,0.563414,-0.124504,0.064693,0.238141,1.274709,0.071430,0.082316
421,14.03704,0.102822,0.516902,-0.133457,0.078370,0.430744,1.597086,0.080435,0.400259
422,14.07034,0.082451,0.371622,-0.141153,0.073860,0.289174,0.862820,0.105232,0.253395
423,14.10364,0.044319,0.157138,-0.147357,0.051824,0.154264,0.419622,0.081874,0.164136
424,14.13695,-0.002725,-0.083241,-0.151838,0.018596,0.177107,0.704557,0.085335,0.142387
425,14.17025,-0.048003,-0.304234,-0.154376,-0.016592,0.071589,0.129253,0.060159,0.058025
426,14.20355,-0.081858,-0.466680,-0.154766,-0.044958,0.076061,0.124139,0.061839,0.064851
427,14.23685,-0.097560,-0.543183,-0.152832,-0.060577,0.069076,0.094595,0.050054,0.070061
428,14.27016,-0.092164,-0.521292,-0.148429,-0.061300,0.074695,0.136125,0.054301,0.056956
429,14.30346,-0.066521,-0.404008,-0.141452,-0.048355,0.084895,0.103445,0.056789,0.098780
430,14.33676,-0.024924,-0.209374,-0.131847,-0.025297,0.124018,0.367123,0.059293,0.107689
431,14.37006,0.025329,0.030689,-0.119607,0.003060,0.125103,0.471136,0.052713,0.074019
432,14.40337,0.074493,0.273277,-0.104788,0.031192,0.154522,0.504590,0.059153,0.103106
433,14.43667,0.111403,0.469702,-0.087504,0.053131,0.229295,0.939555,0.060530,0.158541
434,14.46997,0.125478,0.574530,-0.067935,0.063239,0.233337,1.108442,0.064960,0.142747
435,14.50327,0.109515,0.558095,-0.046324,0.057419,0.202222,1.082643,0.057818,0.072516
436,14.53658,0.062568,0.418031,-0.022981,0.034431,0.424253,1.501287,0.056478,0.335398
437,14.56988,-0.007711,0.184445,0.001722,-0.002374,0.218861,0.597477,0.057698,0.202360
438,14.60318,-0.085159,-0.086567,0.027352,-0.044106,0.104335,0.236555,0.045582,0.102965
439,14.63649,-0.149390,-0.331055,0.053424,-0.078473,0.109224,0.268438,0.051559,0.100885
440,14.66979,-0.182478,-0.496826,0.079405,-0.094423,0.074598,0.129285,0.058983,0.064053
441,14.70309,-0.174765,-0.555278,0.104725,-0.086501,0.067632,0.111511,0.052949,0.067645
442,14.73639,-0.127760,-0.504397,0.128790,-0.056885,0.389046,0.478340,0.489294,0.309920
443,14.76970,-0.053012,-0.364466,0.151008,-0.014111,0.346227,0.414160,0.432066,0.263908
444,14.80300,0.031871,-0.169731,0.170813,0.030390,0.307436,0.519139,0.322460,0.247289
445,14.83630,0.107459,0.039855,0.187692,0.065649,0.617209,0.855180,0.893905,0.438090
446,14.86960,0.157165,0.226599,0.201207,0.084018,0.769699,1.367905,1.093989,0.439752
447,14.90291,0.172443,0.362820,0.211029,0.083459,0.616049,0.881454,0.950324,0.383783
448,14.93621,0.155277,0.434515,0.216963,0.067754,0.701005,1.455716,0.866855,0.407268
449,14.96951,0.115748,0.439773,0.218946,0.044161,0.311686,0.995888,0.235354,0.207047
450,15.00281,0.066396,0.385075,0.217032,0.019831,0.539008,1.168257,0.665817,0.297785
451,15.03612,0.017507,0.282463,0.211368,-0.000763,0.649622,1.498622,0.598136,0.427369
452,15.06942,-0.023827,0.149048,0.202188,-0.015708,0.381648,0.812400,0.436368,0.286189
453,15.10272,-0.053243,0.005635,0.189804,-0.024398,0.204947,0.537914,0.206183,0.149968
454,15.13602,-0.070140,-0.128783,0.174587,-0.027588,0.232381,0.475109,0.280734,0.167815
455,15.16933,-0.078015,-0.241818,0.156944,-0.027805,0.392934,0.526311,0.518209,0.264635
456,15.20263,-0.081659,-0.326789,0.137314,-0.028141,0.253514,0.385182,0.306016,0.198641
457,15.23593,-0.083587,-0.378841,0.116158,-0.030346,0.123459,0.152126,0.148638,0.104854
458,15.26923,-0.083112,-0.392849,0.093946,-0.034199,0.142375,0.197137,0.175839,0.128910
459,15.30254,-0.077635,-0.363791,0.071138,-0.038018,0.199535,0.321669,0.322397,0.159805
460,15.33584,-0.064035,-0.288137,0.048174,-0.039146,0.135683,0.193529,0.192392,0.122186
461,15.36914,-0.039966,-0.166212,0.025472,-0.034566,0.160558,0.595893,0.088860,0.091728
462,15.40244,-0.005467,-0.005406,0.003415,-0.022196,0.154628,0.380357,0.156890,0.082933
463,15.43575,0.035896,0.177071,-0.017653,-0.002272,0.259882,0.855978,0.209780,0.150807
464,15.46905,0.077298,0.353588,-0.037437,0.022278,0.247455,0.753423,0.221496,0.172133
465,15.50235,0.110103,0.488618,-0.055681,0.046598,0.205267,0.551941,0.137859,0.135683
466,15.53565,0.125840,0.545275,-0.072175,0.065043,0.382100,1.658789,0.177396,0.156193
467,15.56896,0.118929,0.498392,-0.086753,0.072542,0.403815,1.488474,0.164275,0.324623
468,15.60226,0.089599,0.349716,-0.099293,0.066635,0.318463,1.063165,0.113007,0.249962
469,15.63556,0.044554,0.131425,-0.109717,0.048893,0.123986,0.340236,0.097741,0.093048
470,15.66887,-0.005904,-0.106939,-0.117991,0.023859,0.121112,0.204834,0.102131,0.114559
471,15.70217,-0.052009,-0.317285,-0.124122,-0.003530,0.156723,0.246196,0.124005,0.137754
472,15.73547,-0.086900,-0.465033,-0.128155,-0.029458,0.110087,0.206279,0.060863,0.113174
473,15.76877,-0.106828,-0.531680,-0.130169,-0.051251,0.085171,0.161442,0.080948,0.059873
474,15.80208,-0.110536,-0.512349,-0.130272,-0.066925,0.106405,0.144029,0.089136,0.114368
475,15.83538,-0.098507,-0.412858,-0.128600,-0.074659,0.087770,0.110318,0.068403,0.081462
476,15.86868,-0.072394,-0.247878,-0.125308,-0.072426,0.119999,0.457514,0.050926,0.069497
477,15.90198,-0.034962,-0.039878,-0.120570,-0.058431,0.111119,0.298516,0.074975,0.083077
478,15.93529,0.009531,0.181594,-0.114569,-0.032327,0.183856,0.750325,0.075120,0.080447
479,15.96859,0.055007,0.381321,-0.107498,0.003459,0.175477,0.712283,0.099902,0.107396
480,16.00189,0.093688,0.521750,-0.099550,0.043005,0.150256,0.581962,0.058878,0.111687
481,16.03519,0.116915,0.569185,-0.090916,0.077304,0.262259,1.425965,0.086380,0.090593
482,16.06850,0.117477,0.504962,-0.081779,0.096416,0.439003,1.540471,0.110631,0.435928
483,16.10180,0.093308,0.337956,-0.072315,0.093697,0.275481,0.770359,0.096406,0.284692
484,16.13510,0.049631,0.105778,-0.062685,0.069612,0.123035,0.226134,0.082196,0.138406
485,16.16840,-0.002917,-0.139352,-0.053034,0.031501,0.115377,0.298492,0.083939,0.113269
486,16.20171,-0.052503,-0.348350,-0.043495,-0.010244,0.068334,0.093861,0.051610,0.060287
487,16.23501,-0.089567,-0.486059,-0.034185,-0.046175,0.076406,0.098995,0.065650,0.087092
488,16.26831,-0.108446,-0.534600,-0.025206,-0.070070,0.067696,0.098547,0.066161,0.056318
489,16.30161,-0.107533,-0.492192,-0.016648,-0.079434,0.075132,0.124174,0.065092,0.075565
490,16.33492,-0.088567,-0.370115,-0.008587,-0.074810,0.077331,0.097010,0.070012,0.073317
491,16.36822,-0.055707,-0.189807,-0.001085,-0.058652,0.113373,0.422211,0.066033,0.062809
492,16.40152,-0.014676,0.019882,0.005809,-0.034397,0.130563,0.415774,0.074804,0.092171
493,16.43482,0.028042,0.226076,0.012059,-0.005917,0.226480,0.892583,0.104425,0.126622
494,16.46813,0.066008,0.395969,0.017643,0.022791,0.187591,0.725015,0.069326,0.135215
495,16.50143,0.093374,0.500756,0.022552,0.047718,0.183201,0.795127,0.047414,0.126899
496,16.53473,0.105079,0.519333,0.026791,0.064697,0.215536,1.175187,0.069048,0.074113
497,16.56804,0.097682,0.444200,0.030371,0.069645,0.408684,1.457849,0.059063,0.310057
498,16.60134,0.071443,0.288423,0.033315,0.060241,0.265423,0.793995,0.056449,0.243068
499,16.63464,0.031714,0.085124,0.035649,0.038102,0.101049,0.185605,0.054700,0.122326
500,16.66794,-0.012629,-0.124107,0.037406,0.008894,0.133489,0.359360,0.053695,0.123730
501,16.70125,-0.052441,-0.302702,0.038624,-0.019871,0.088898,0.181423,0.049580,0.079964
502,16.73455,-0.080670,-0.425509,0.039340,-0.041454,0.077642,0.179990,0.056339,0.054703
503,16.76785,-0.093315,-0.478999,0.039595,-0.051760,0.071534,0.084267,0.058880,0.073017
504,16.80115,-0.089537,-0.459504,0.039429,-0.050125,0.065541,0.113770,0.054196,0.061582
505,16.83446,-0.071247,-0.371644,0.038883,-0.038940,0.083121,0.100587,0.047759,0.087935
506,16.86776,-0.042408,-0.227792,0.037997,-0.022436,0.102265,0.168076,0.067022,0.105459
507,16.90106,-0.008201,-0.047856,0.036807,-0.005157,0.148679,0.607828,0.057801,0.107054
508,16.93436,0.025788,0.142162,0.035352,0.009287,0.126320,0.372769,0.057033,0.099625
509,16.96767,0.054308,0.313150,0.033665,0.018869,0.259413,1.125309,0.077505,0.158789
510,17.00097,0.073283,0.437470,0.031781,0.023375,0.208078,0.846231,0.071011,0.153217
511,17.03427,0.080445,0.493886,0.029733,0.024130,0.150826,0.718119,0.059867,0.056155
512,17.06757,0.075344,0.470881,0.027552,0.022966,0.318858,1.439930,0.063751,0.156208
513,17.10088,0.059265,0.369973,0.025270,0.021089,0.165869,0.792139,0.068333,0.111878
514,17.13418,0.035218,0.208143,0.022914,0.018731,0.170417,0.788539,0.047271,0.114871
515,17.16748,0.007176,0.014474,0.020515,0.015350,0.118189,0.299079,0.050678,0.100507
516,17.20078,-0.021052,-0.178263,0.018096,0.009998,0.101986,0.204266,0.070900,0.113412
517,17.23409,-0.046409,-0.341513,0.015682,0.001914,0.108096,0.263203,0.077893,0.082420
518,17.26739,-0.066455,-0.454411,0.013297,-0.008844,0.099885,0.148443,0.065321,0.104523
519,17.30069,-0.078909,-0.503373,0.010963,-0.021037,0.072715,0.120726,0.049030,0.062256
520,17.33399,-0.081545,-0.481304,0.008701,-0.032337,0.062178,0.084015,0.058400,0.056117
521,17.36730,-0.072712,-0.388409,0.006532,-0.039899,0.089281,0.177795,0.055244,0.081742
522,17.40060,-0.052065,-0.233522,0.004473,-0.041105,0.143257,0.628790,0.049713,0.063329
523,17.43390,-0.021132,-0.034688,0.002539,-0.034302,0.096711,0.244214,0.061829,0.073133
524,17.46720,0.016307,0.180678,0.000743,-0.019468,0.233680,0.950692,0.082267,0.127036
525,17.50051,0.054327,0.377371,-0.000902,0.001450,0.197243,0.941336,0.055882,0.103317
526,17.53381,0.085563,0.517333,-0.002387,0.024554,0.119688,0.433964,0.057450,0.066337
527,17.56711,0.102298,0.566739,-0.003705,0.044228,0.312884,1.625773,0.072176,0.109606
528,17.60042,0.098708,0.507269,-0.004848,0.054367,0.380439,1.566183,0.057660,0.311269
529,17.63372,0.074265,0.349494,-0.005814,0.051233,0.290973,0.912289,0.081876,0.230353
530,17.66702,0.035373,0.134574,-0.006599,0.035955,0.094048,0.248988,0.069108,0.074212
531,17.70032,-0.007060,-0.081815,-0.007204,0.013976,0.082956,0.111415,0.067022,0.106297
532,17.73363,-0.042282,-0.251232,-0.007630,-0.007850,0.082128,0.135567,0.040049,0.098916
533,17.76693,-0.063283,-0.346256,-0.007882,-0.023888,0.068584,0.107070,0.055520,0.069198
534,17.80023,-0.068054,-0.363055,-0.007969,-0.031152,0.084957,0.173172,0.063845,0.069698
535,17.83353,-0.059084,-0.316477,-0.007902,-0.029769,0.066907,0.082515,0.069656,0.071270
536,17.86684,-0.041861,-0.232221,-0.007697,-0.022454,0.084248,0.143339,0.053775,0.080769
537,17.90014,-0.022903,-0.138564,-0.007370,-0.013193,0.134661,0.532666,0.067887,0.079105
538,17.93344,-0.007733,-0.058547,-0.006942,-0.005686,0.127669,0.340073,0.109685,0.099847
539,17.96674,0.000755,-0.004445,-0.006431,-0.002008,0.233946,0.915288,0.106608,0.134123
540,18.00005,0.003032,0.023846,-0.005857,-0.001884,0.174530,0.765467,0.068526,0.085450
